year,state_min_wage,state,lh_employment,federal_min_wage,eff_min_wage,log_min_wage,log_employment,minwage_change
2000,5.65,AK,27.925,5.15,5.65,1.7316555451583497,3.3295223449552642,
2001,5.65,AK,28.266666666666666,5.15,5.65,1.7316555451583497,3.3416832541297476,0.0
2002,5.65,AK,29.28333333333333,5.15,5.65,1.7316555451583497,3.3770185259649965,0.0
2003,7.15,AK,29.641666666666666,5.15,7.15,1.9671123567059163,3.389181029166409,1.5
2004,7.15,AK,30.15833333333333,5.15,7.15,1.9671123567059163,3.4064612807816963,0.0
2005,7.15,AK,30.958333333333332,5.15,7.15,1.9671123567059163,3.4326422143698134,0.0
2006,7.15,AK,31.483333333333334,5.15,7.15,1.9671123567059163,3.4494583052794088,0.0
2007,7.15,AK,32.050000000000004,5.85,7.15,1.9671123567059163,3.467297183366679,0.0
2008,7.15,AK,32.13333333333333,6.55,7.15,1.9671123567059163,3.46989391294839,0.0
2009,7.15,AK,31.183333333333334,7.25,7.25,1.9810014688665833,3.439883764051989,0.09999999999999964
2010,7.75,AK,31.525000000000002,7.25,7.75,2.0476928433652555,3.4507808818509833,0.5
2011,7.75,AK,32.483333333333334,7.25,7.75,2.0476928433652555,3.4807271372854602,0.0
2012,7.75,AK,33.300000000000004,7.25,7.75,2.0476928433652555,3.5055573969863985,0.0
2013,7.75,AK,33.75833333333333,7.25,7.75,2.0476928433652555,3.5192273004206447,0.0
2014,7.75,AK,34.208333333333336,7.25,7.75,2.0476928433652555,3.5324692791044825,0.0
2015,8.75,AK,35.03333333333333,7.25,8.75,2.169053700369523,3.5562999892147955,1.0
2016,9.75,AK,35.30833333333333,7.25,9.75,2.277267285009756,3.5641190078445133,1.0
2017,9.8,AK,35.43333333333333,7.25,9.8,2.2823823856765264,3.5676529966797923,0.05000000000000071
2018,9.84,AK,35.6,7.25,9.84,2.286455711064162,3.572345637857985,0.03999999999999915
2019,9.89,AK,36.225,7.25,9.89,2.2915241456346207,3.589749488206746,0.05000000000000071
2020,10.19,AK,26.666666666666668,7.25,10.19,2.321406847234633,3.283414346005772,0.29999999999999893
2021,10.34,AK,30.383333333333336,7.25,10.34,2.336019869080283,3.4138942124565625,0.15000000000000036
2022,10.34,AK,34.28333333333334,7.25,10.34,2.336019869080283,3.5346593274308566,0.0
2023,10.85,AK,35.766666666666666,7.25,10.85,2.3841650799864684,3.577016360968543,0.5099999999999998
2000,5.15,AR,85.74166666666667,5.15,5.15,1.6389967146756448,4.451338899593765,
2001,5.15,AR,86.79166666666667,5.15,5.15,1.6389967146756448,4.463510610913026,0.0
2002,5.15,AR,87.44166666666666,5.15,5.15,1.6389967146756448,4.470971904375865,0.0
2003,5.15,AR,88.25,5.15,5.15,1.6389967146756448,4.480173695813406,0.0
2004,5.15,AR,90.88333333333333,5.15,5.15,1.6389967146756448,4.50957663270396,0.0
2005,5.15,AR,94.24166666666667,5.15,5.15,1.6389967146756448,4.545862405089281,0.0
2006,5.15,AR,97.48333333333333,5.15,5.15,1.6389967146756448,4.579681423220925,0.0
2007,6.25,AR,99.28333333333335,5.85,6.25,1.8325814637483102,4.597977715406587,1.0999999999999996
2008,6.25,AR,100.71666666666665,6.55,6.55,1.8794650496471605,4.612311294139458,0.2999999999999998
2009,6.25,AR,99.64166666666667,7.25,7.25,1.9810014688665833,4.601580417137534,0.7000000000000002
2010,6.25,AR,98.79166666666667,7.25,7.25,1.9810014688665833,4.59301325571746,0.0
2011,6.25,AR,100.175,7.25,7.25,1.9810014688665833,4.606918656522208,0.0
2012,6.25,AR,102.80833333333334,7.25,7.25,1.9810014688665833,4.632866413289419,0.0
2013,6.25,AR,104.96666666666665,7.25,7.25,1.9810014688665833,4.653642839438869,0.0
2014,6.25,AR,107.70833333333333,7.25,7.25,1.9810014688665833,4.679426956594583,0.0
2015,7.5,AR,111.76666666666667,7.25,7.5,2.0149030205422647,4.716413364804073,0.25
2016,8.0,AR,115.325,7.25,8.0,2.0794415416798357,4.747754229443884,0.5
2017,8.5,AR,116.54166666666667,7.25,8.5,2.1400661634962708,4.758248862854014,0.5
2018,8.5,AR,118.31666666666666,7.25,8.5,2.1400661634962708,4.773364645817285,0.0
2019,9.25,AR,120.78333333333335,7.25,9.25,2.224623551524334,4.793998306887181,0.75
2020,10.0,AR,106.45,7.25,10.0,2.302585092994046,4.667675391339489,0.75
2021,11.0,AR,116.0,7.25,11.0,2.3978952727983707,4.7535901911063645,1.0
2022,11.0,AR,122.66666666666667,7.25,11.0,2.3978952727983707,4.809470649500821,0.0
2023,11.0,AR,127.55833333333334,7.25,11.0,2.3978952727983707,4.848573776309661,0.0
2007,6.75,AZ,272.8666666666667,5.85,6.75,1.9095425048844386,5.608983275390193,
2008,6.9,AZ,270.27500000000003,6.55,6.9,1.9315214116032138,5.599439959178835,0.15000000000000036
2009,7.25,AZ,255.98333333333335,7.25,7.25,1.9810014688665833,5.545112338193528,0.34999999999999964
2010,7.25,AZ,253.90833333333333,7.25,7.25,1.9810014688665833,5.536973309492755,0.0
2011,7.35,AZ,259.2583333333333,7.25,7.35,1.9947003132247452,5.5578249905981725,0.09999999999999964
2012,7.65,AZ,266.8666666666667,7.25,7.65,2.0347056478384444,5.586749157890363,0.3000000000000007
2013,7.8,AZ,275.85833333333335,7.25,7.8,2.0541237336955462,5.619887448917143,0.14999999999999947
2014,7.9,AZ,286.51666666666665,7.25,7.9,2.066862759472976,5.657796707819393,0.10000000000000053
2015,8.05,AZ,299.025,7.25,8.05,2.0856720914304723,5.700527181935528,0.15000000000000036
2016,8.05,AZ,309.65833333333336,7.25,8.05,2.0856720914304723,5.735469539127011,0.0
2017,10.0,AZ,319.875,7.25,10.0,2.302585092994046,5.767930294479953,1.9499999999999993
2018,10.5,AZ,326.15833333333336,7.25,10.5,2.3513752571634776,5.787382948531463,0.5
2019,11.0,AZ,331.84999999999997,7.25,11.0,2.3978952727983707,5.804683059591934,0.5
2020,12.0,AZ,274.90000000000003,7.25,12.0,2.4849066497880004,5.6164073951712,1.0
2021,12.15,AZ,305.81666666666666,7.25,12.15,2.4973291697865574,5.722985793862853,0.15000000000000036
2022,12.8,AZ,337.8833333333333,7.25,12.8,2.5494451709255714,5.822700668246093,0.6500000000000004
2023,13.85,AZ,357.0333333333333,7.25,13.85,2.6282852326333477,5.8778291481024745,1.049999999999999
2000,5.75,CA,1336.6916666666666,5.15,5.75,1.749199854809259,7.197952934699497,
2001,6.25,CA,1366.5416666666667,5.15,6.25,1.8325814637483102,7.220038496426622,0.5
2002,6.75,CA,1383.825,5.15,6.75,1.9095425048844386,7.232606683096056,0.5
2003,6.75,CA,1401.05,5.15,6.75,1.9095425048844386,7.244977234493896,0.0
2004,6.75,CA,1439.5,5.15,6.75,1.9095425048844386,7.272051110052231,0.0
2005,6.75,CA,1475.075,5.15,6.75,1.9095425048844386,7.29646411493886,0.0
2006,6.75,CA,1519.4083333333335,5.15,6.75,1.9095425048844386,7.326076283675203,0.0
2007,7.5,CA,1560.5833333333333,5.85,7.5,2.0149030205422647,7.352814961972508,0.75
2008,8.0,CA,1573.1416666666667,6.55,8.0,2.0794415416798357,7.3608299604566865,0.5
2009,8.0,CA,1503.1000000000001,7.25,8.0,2.0794415416798357,7.31528492113918,0.0
2010,8.0,CA,1500.575,7.25,8.0,2.0794415416798357,7.313603646970184,0.0
2011,8.0,CA,1534.8083333333334,7.25,8.0,2.0794415416798357,7.336160787947146,0.0
2012,8.0,CA,1597.875,7.25,8.0,2.0794415416798357,7.376429900488186,0.0
2013,8.0,CA,1675.625,7.25,8.0,2.0794415416798357,7.423941508990223,0.0
2014,9.0,CA,1757.1166666666668,7.25,9.0,2.1972245773362196,7.471429487045062,1.0
2015,9.0,CA,1828.6333333333332,7.25,9.0,2.1972245773362196,7.511324154446022,0.0
2016,10.0,CA,1901.4333333333334,7.25,10.0,2.302585092994046,7.5503632667133775,1.0
2017,10.5,CA,1952.4583333333333,7.25,10.5,2.3513752571634776,7.576844541323951,0.5
2018,11.0,CA,1991.8333333333333,7.25,11.0,2.3978952727983707,7.596810766638826,0.5
2019,12.0,CA,2034.5166666666667,7.25,12.0,2.4849066497880004,7.618013559429162,1.0
2020,12.0,CA,1481.3666666666666,7.25,12.0,2.4849066497880004,7.300720364088464,0.0
2021,13.0,CA,1641.2416666666668,7.25,13.0,2.5649493574615367,7.403208348173296,1.0
2022,14.0,CA,1931.1083333333333,7.25,14.0,2.6390573296152584,7.565849383047146,1.0
2023,15.5,CA,2009.5,7.25,15.5,2.740840023925201,7.605641213889256,1.5
2000,5.15,CO,245.99166666666667,5.15,5.15,1.6389967146756448,5.505297660019827,
2001,5.15,CO,247.15833333333333,5.15,5.15,1.6389967146756448,5.510029156899827,0.0
2002,5.15,CO,246.99166666666667,5.15,5.15,1.6389967146756448,5.5093545978671985,0.0
2003,5.15,CO,245.53333333333333,5.15,5.15,1.6389967146756448,5.503432715342855,0.0
2004,5.15,CO,251.24166666666667,5.15,5.15,1.6389967146756448,5.526415291327378,0.0
2005,5.15,CO,257.44166666666666,5.15,5.15,1.6389967146756448,5.550793157223531,0.0
2006,5.15,CO,264.94166666666666,5.15,5.15,1.6389967146756448,5.579509675968822,0.0
2007,6.85,CO,270.3333333333333,5.85,6.85,1.9242486522741338,5.599655765447303,1.6999999999999993
2008,7.02,CO,273.0833333333333,6.55,7.02,1.9487632180377197,5.609776998910815,0.16999999999999993
2009,7.28,CO,262.44166666666666,7.25,7.28,1.9851308622085946,5.57002883511444,0.2600000000000007
2010,7.24,CO,263.05833333333334,7.25,7.25,1.9810014688665833,5.572375807330352,-0.03000000000000025
2011,7.36,CO,271.425,7.25,7.36,1.9960599327407849,5.603685858117916,0.11000000000000032
2012,7.64,CO,279.69166666666666,7.25,7.64,2.033397603178429,5.63368780593735,0.27999999999999936
2013,7.78,CO,289.325,7.25,7.78,2.0515563381903004,5.667550623734141,0.14000000000000057
2014,8.0,CO,300.48333333333335,7.25,8.0,2.0794415416798357,5.705392289320099,0.21999999999999975
2015,8.23,CO,313.03333333333336,7.25,8.23,2.1077860146889784,5.746309681142458,0.23000000000000043
2016,8.31,CO,323.5416666666667,7.25,8.31,2.1174596088673567,5.779327905234842,0.08000000000000007
2017,9.3,CO,332.9166666666667,7.25,9.3,2.2300144001592104,5.807892208412375,0.9900000000000002
2018,10.2,CO,339.575,7.25,10.2,2.322387720290225,5.827694835708554,0.8999999999999986
2019,11.1,CO,345.14166666666665,7.25,11.1,2.4069451083182885,5.84395496076607,0.9000000000000004
2020,12.0,CO,272.0166666666667,7.25,12.0,2.4849066497880004,5.605863338928596,0.9000000000000004
2021,12.32,CO,305.6083333333333,7.25,12.32,2.511223958105374,5.7223043256814865,0.3200000000000003
2022,12.56,CO,338.34166666666664,7.25,12.56,2.5305171610400525,5.824056233046323,0.2400000000000002
2023,13.65,CO,350.7166666666667,7.25,13.65,2.613739521630969,5.859978680016523,1.0899999999999999
2000,6.15,CT,121.10833333333333,5.15,6.15,1.8164520818184267,4.796685461844125,
2001,6.4,CT,119.55833333333334,5.15,6.4,1.8562979903656263,4.783804397316344,0.25
2002,6.7,CT,122.84166666666665,5.15,6.7,1.9021075263969205,4.810896263265232,0.2999999999999998
2003,6.9,CT,125.14166666666667,5.15,6.9,1.9315214116032138,4.829446428898235,0.20000000000000018
2004,7.1,CT,127.53333333333335,5.15,7.1,1.9600947840472698,4.848377768338043,0.1999999999999993
2005,7.1,CT,129.45,5.15,7.1,1.9600947840472698,4.8632947061975464,0.0
2006,7.4,CT,132.57500000000002,5.15,7.4,2.0014800002101243,4.8871485230231935,0.3000000000000007
2007,7.65,CT,135.74166666666667,5.85,7.65,2.0347056478384444,4.910753569575559,0.25
2008,7.65,CT,137.30833333333334,6.55,7.65,2.0347056478384444,4.922229005275385,0.0
2009,8.0,CT,133.65833333333333,7.25,8.0,2.0794415416798357,4.895286792555332,0.34999999999999964
2010,8.25,CT,133.57500000000002,7.25,8.25,2.1102132003465894,4.894663117843836,0.25
2011,8.25,CT,137.13333333333333,7.25,8.25,2.1102132003465894,4.920953688550747,0.0
2012,8.25,CT,142.13333333333333,7.25,8.25,2.1102132003465894,4.956765584183525,0.0
2013,8.25,CT,146.78333333333333,7.25,8.25,2.1102132003465894,4.988957576583359,0.0
2014,8.7,CT,149.93333333333334,7.25,8.7,2.163323025660538,5.010190750857106,0.4499999999999993
2015,9.15,CT,151.19166666666666,7.25,9.15,2.21375387928743,5.018548347588117,0.45000000000000107
2016,9.6,CT,154.00833333333335,7.25,9.6,2.2617630984737906,5.03700671350371,0.4499999999999993
2017,10.1,CT,156.53333333333333,7.25,10.1,2.312535423847214,5.053268979845777,0.5
2018,10.1,CT,157.79999999999998,7.25,10.1,2.312535423847214,5.061328408411773,0.0
2019,11.0,CT,157.57500000000002,7.25,11.0,2.3978952727983707,5.059901535399174,0.9000000000000004
2020,12.0,CT,117.39166666666667,7.25,12.0,2.4849066497880004,4.765515922478261,1.0
2021,13.0,CT,134.53333333333333,7.25,13.0,2.5649493574615367,4.901811999811344,1.0
2022,14.0,CT,148.9,7.25,14.0,2.6390573296152584,5.003274939689963,1.0
2023,14.0,CT,153.75,7.25,14.0,2.6390573296152584,5.035327906686628,0.0
2000,6.15,DC,48.15,5.15,6.15,1.8164520818184267,3.8743211382441345,
2001,6.15,DC,47.68333333333334,5.15,6.15,1.8164520818184267,3.8645819308280096,0.0
2002,6.15,DC,48.225,5.15,6.15,1.8164520818184267,3.875877558791793,0.0
2003,6.15,DC,49.55833333333334,5.15,6.15,1.8164520818184267,3.903150426924548,0.0
2004,6.15,DC,51.025,5.15,6.15,1.8164520818184267,3.9323157086959086,0.0
2005,6.6,DC,53.775,5.15,6.6,1.8870696490323797,3.984808675153794,0.4499999999999993
2006,7.0,DC,54.21666666666667,5.15,7.0,1.9459101490553132,3.992988364251251,0.40000000000000036
2007,7.0,DC,55.425000000000004,5.85,7.0,1.9459101490553132,4.015030755502376,0.0
2008,7.0,DC,57.775,6.55,7.0,1.9459101490553132,4.056556156160444,0.0
2009,7.55,DC,58.15,7.25,7.55,2.0215475632609334,4.063025878964673,0.5499999999999998
2010,8.25,DC,59.68333333333334,7.25,8.25,2.1102132003465894,4.089052807776332,0.7000000000000002
2011,8.25,DC,62.28333333333333,7.25,8.25,2.1102132003465894,4.131693867263383,0.0
2012,8.25,DC,65.425,7.25,8.25,2.1102132003465894,4.18090444841621,0.0
2013,8.25,DC,67.90833333333333,7.25,8.25,2.1102132003465894,4.218158756538174,0.0
2014,9.5,DC,70.09166666666667,7.25,9.5,2.2512917986064953,4.249803909180391,1.25
2015,10.5,DC,73.175,7.25,10.5,2.3513752571634776,4.29285383257795,1.0
2016,11.5,DC,74.46666666666667,7.25,11.5,2.4423470353692043,4.31035159796699,1.0
2017,12.5,DC,76.97500000000001,7.25,12.5,2.5257286443082556,4.343480693810564,1.0
2018,13.25,DC,79.81666666666666,7.25,13.25,2.583997552432231,4.379732338120508,0.75
2019,14.0,DC,81.7,7.25,14.0,2.6390573296152584,4.403054001865957,0.75
2020,15.0,DC,47.13333333333333,7.25,15.0,2.70805020110221,3.8529804647943626,1.0
2021,15.2,DC,49.65833333333333,7.25,15.2,2.7212954278522306,3.9051662179649327,0.1999999999999993
2022,16.1,DC,67.84166666666667,7.25,16.1,2.7788192719904172,4.217176558791932,0.9000000000000021
2023,16.5,DC,75.90833333333333,7.25,16.5,2.803360380906535,4.3295264719627635,0.3999999999999986
2000,5.65,DE,37.03333333333333,5.15,5.65,1.7316555451583497,3.6118184079774744,
2001,6.15,DE,37.483333333333334,5.15,6.15,1.8164520818184267,3.623896389737215,0.5
2002,6.15,DE,38.733333333333334,5.15,6.15,1.8164520818184267,3.656700555749701,0.0
2003,6.15,DE,39.375,5.15,6.15,1.8164520818184267,3.6731310971457973,0.0
2004,6.15,DE,41.1,5.15,6.15,1.8164520818184267,3.716008121502189,0.0
2005,6.15,DE,41.775,5.15,6.15,1.8164520818184267,3.7322980744814576,0.0
2006,6.15,DE,42.016666666666666,5.15,6.15,1.8164520818184267,3.7380663649658192,0.0
2007,6.65,DE,41.891666666666666,5.85,6.65,1.8946168546677629,3.735086920910529,0.5
2008,7.15,DE,42.458333333333336,6.55,7.15,1.9671123567059163,3.7485232028747792,0.5
2009,7.15,DE,42.050000000000004,7.25,7.25,1.9810014688665833,3.738859386418957,0.09999999999999964
2010,7.25,DE,43.625,7.25,7.25,1.9810014688665833,3.7756303805225913,0.0
2011,7.25,DE,44.68333333333334,7.25,7.25,1.9810014688665833,3.7996005760138587,0.0
2012,7.25,DE,45.01666666666667,7.25,7.25,1.9810014688665833,3.807032791570515,0.0
2013,7.25,DE,45.975,7.25,7.25,1.9810014688665833,3.828097770490385,0.0
2014,7.75,DE,46.98333333333333,7.25,7.75,2.0476928433652555,3.8497929288920116,0.5
2015,8.25,DE,48.63333333333333,7.25,8.25,2.1102132003465894,3.88430916686063,0.5
2016,8.25,DE,49.449999999999996,7.25,8.25,2.1102132003465894,3.900962058068721,0.0
2017,8.25,DE,50.36666666666667,7.25,8.25,2.1102132003465894,3.9193295806105843,0.0
2018,8.25,DE,51.791666666666664,7.25,8.25,2.1102132003465894,3.9472292611627653,0.0
2019,9.25,DE,53.03333333333333,7.25,9.25,2.224623551524334,3.9709206466756313,1.0
2020,9.25,DE,41.1,7.25,9.25,2.224623551524334,3.716008121502189,0.0
2021,9.25,DE,45.64166666666667,7.25,9.25,2.224623551524334,3.8208210420016755,0.0
2022,10.5,DE,50.05833333333334,7.25,10.5,2.3513752571634776,3.9131889920681155,1.25
2023,11.75,DE,52.708333333333336,7.25,11.75,2.463853240590168,3.964773570813675,1.25
2006,6.4,FL,965.0,5.15,6.4,1.8562979903656263,6.872128101338986,
2007,6.67,FL,983.8166666666666,5.85,6.67,1.8976198599275322,6.891439565330432,0.2699999999999996
2008,6.79,FL,970.7083333333334,6.55,6.79,1.9154509415706047,6.878026045551356,0.1200000000000001
2009,7.21,FL,927.0666666666666,7.25,7.25,1.9810014688665833,6.832025479556753,0.45999999999999996
2010,7.25,FL,931.6166666666667,7.25,7.25,1.9810014688665833,6.836921428217981,0.0
2011,7.25,FL,957.5166666666668,7.25,7.25,1.9810014688665833,6.864343127343694,0.0
2012,7.67,FL,998.4166666666666,7.25,7.67,2.0373166153791646,6.906170690851899,0.41999999999999993
2013,7.79,FL,1038.5583333333334,7.25,7.79,2.052840859882657,6.945588812497757,0.1200000000000001
2014,7.93,FL,1086.05,7.25,7.93,2.0706530356467567,6.9903025399497025,0.13999999999999968
2015,8.05,FL,1134.95,7.25,8.05,2.0856720914304723,7.034343876081711,0.120000000000001
2016,8.05,FL,1175.7583333333334,7.25,8.05,2.0856720914304723,7.069668608474574,0.0
2017,8.1,FL,1201.4916666666666,7.25,8.1,2.0918640616783932,7.0913191193777445,0.049999999999998934
2018,8.25,FL,1230.3416666666667,7.25,8.25,2.1102132003465894,7.115047187571137,0.15000000000000036
2019,8.46,FL,1259.6833333333334,7.25,8.46,2.135349173618132,7.138615645607346,0.21000000000000085
2020,8.56,FL,1011.4499999999999,7.25,8.56,2.1471001901536506,6.919140223848701,0.09999999999999964
2021,10.0,FL,1124.0166666666667,7.25,10.0,2.302585092994046,7.024663858338958,1.4399999999999995
2022,10.0,FL,1242.0416666666667,7.25,10.0,2.302585092994046,7.124511809971495,0.0
2023,11.0,FL,1301.1666666666667,7.25,11.0,2.3978952727983707,7.171016576892236,1.0
2000,3.25,GA,337.28333333333336,5.15,5.15,1.6389967146756448,5.820923328849559,
2001,3.25,GA,339.10833333333335,5.15,5.15,1.6389967146756448,5.826319623684644,0.0
2002,5.15,GA,340.3666666666667,5.15,5.15,1.6389967146756448,5.830023467893382,0.0
2003,5.15,GA,348.075,5.15,5.15,1.6389967146756448,5.852417973795349,0.0
2004,5.15,GA,360.0,5.15,5.15,1.6389967146756448,5.886104031450156,0.0
2005,5.15,GA,371.8833333333334,5.15,5.15,1.6389967146756448,5.918580185012403,0.0
2006,5.15,GA,383.9583333333333,5.15,5.15,1.6389967146756448,5.950534039755978,0.0
2007,5.15,GA,395.9083333333333,5.85,5.85,1.766441661243765,5.9811827029770255,0.6999999999999993
2008,5.15,GA,393.80833333333334,6.55,6.55,1.8794650496471605,5.975864327315138,0.7000000000000002
2009,5.15,GA,379.44166666666666,7.25,7.25,1.9810014688665833,5.938700873997658,0.7000000000000002
2010,5.15,GA,373.97499999999997,7.25,7.25,1.9810014688665833,5.9241889502605245,0.0
2011,5.15,GA,381.7416666666666,7.25,7.25,1.9810014688665833,5.944744114565565,0.0
2012,5.15,GA,393.8,7.25,7.25,1.9810014688665833,5.975843166205025,0.0
2013,5.15,GA,411.2916666666667,7.25,7.25,1.9810014688665833,6.019302614069942,0.0
2014,5.15,GA,428.04999999999995,7.25,7.25,1.9810014688665833,6.0592400111884945,0.0
2015,5.15,GA,448.2583333333334,7.25,7.25,1.9810014688665833,6.105369703128572,0.0
2016,5.15,GA,466.5,7.25,7.25,1.9810014688665833,6.1452580202873985,0.0
2017,5.15,GA,478.68333333333334,7.25,7.25,1.9810014688665833,6.171039279275399,0.0
2018,5.15,GA,489.425,7.25,7.25,1.9810014688665833,6.1932312326626064,0.0
2019,7.25,GA,500.9583333333333,7.25,7.25,1.9810014688665833,6.216522930626963,0.0
2020,7.25,GA,415.7,7.25,7.25,1.9810014688665833,6.029963846258592,0.0
2021,7.25,GA,450.90000000000003,7.25,7.25,1.9810014688665833,6.111245585427039,0.0
2022,7.25,GA,486.22499999999997,7.25,7.25,1.9810014688665833,6.186671479729169,0.0
2023,7.25,GA,510.2166666666667,7.25,7.25,1.9810014688665833,6.23483547210216,0.0
2000,5.25,HI,100.77499999999999,5.15,5.25,1.6582280766035324,4.612890309003229,
2001,5.25,HI,100.55833333333334,5.15,5.25,1.6582280766035324,4.610737990291555,0.0
2002,5.75,HI,98.93333333333334,5.15,5.75,1.749199854809259,4.594446222625116,0.5
2003,6.25,HI,101.36666666666667,5.15,6.25,1.8325814637483102,4.618744306015209,0.5
2004,6.25,HI,105.60833333333333,5.15,6.25,1.8325814637483102,4.659737282300018,0.0
2005,6.25,HI,108.36666666666667,5.15,6.25,1.8325814637483102,4.68552053864175,0.0
2006,6.75,HI,110.39166666666667,5.15,6.75,1.9095425048844386,4.7040346479022155,0.5
2007,7.25,HI,112.31666666666666,5.85,7.25,1.9810014688665833,4.721322262724116,0.5
2008,7.25,HI,109.625,6.55,7.25,1.9810014688665833,4.697065450692347,0.0
2009,7.25,HI,103.625,7.25,7.25,1.9810014688665833,4.640778613455459,0.0
2010,7.25,HI,103.14999999999999,7.25,7.25,1.9810014688665833,4.63618423951726,0.0
2011,7.25,HI,106.11666666666667,7.25,7.25,1.9810014688665833,4.6645391177949245,0.0
2012,7.25,HI,110.71666666666665,7.25,7.25,1.9810014688665833,4.70697438544314,0.0
2013,7.25,HI,114.64999999999999,7.25,7.25,1.9810014688665833,4.741884009303913,0.0
2014,7.25,HI,116.89999999999999,7.25,7.25,1.9810014688665833,4.761318868478023,0.0
2015,7.75,HI,118.38333333333333,7.25,7.75,2.0476928433652555,4.773927946775709,0.5
2016,8.5,HI,122.39999999999999,7.25,8.5,2.1400661634962708,4.807294370078226,0.75
2017,9.25,HI,127.23333333333333,7.25,9.25,2.224623551524334,4.846022671083074,0.75
2018,10.1,HI,127.425,7.25,10.1,2.312535423847214,4.847527956226106,0.8499999999999996
2019,10.1,HI,126.94166666666666,7.25,10.1,2.312535423847214,4.843727663354655,0.0
2020,10.1,HI,77.75833333333334,7.25,10.1,2.312535423847214,4.353605726451976,0.0
2021,10.1,HI,94.95,7.25,10.1,2.312535423847214,4.553350437258295,0.0
2022,12.0,HI,112.175,7.25,12.0,2.4849066497880004,4.720060151862047,1.9000000000000004
2023,12.0,HI,118.35000000000001,7.25,12.0,2.4849066497880004,4.773646335959993,0.0
2000,5.15,IA,125.54166666666667,5.15,5.15,1.6389967146756448,4.8326377087823555,
2001,5.15,IA,124.14166666666667,5.15,5.15,1.6389967146756448,4.821423386597547,0.0
2002,5.15,IA,124.60000000000001,5.15,5.15,1.6389967146756448,4.825108606353353,0.0
2003,5.15,IA,125.25,5.15,5.15,1.6389967146756448,4.830311739964974,0.0
2004,5.15,IA,127.14999999999999,5.15,5.15,1.6389967146756448,4.845367491868129,0.0
2005,5.15,IA,130.42499999999998,5.15,5.15,1.6389967146756448,4.8707983489084565,0.0
2006,5.15,IA,134.20833333333334,5.15,5.15,1.6389967146756448,4.899393318983253,0.0
2007,5.15,IA,137.11666666666667,5.85,5.85,1.766441661243765,4.9208321449468295,0.6999999999999993
2008,7.25,IA,135.46666666666667,6.55,7.25,1.9810014688665833,4.908725607596162,1.4000000000000004
2009,7.25,IA,132.65833333333333,7.25,7.25,1.9810014688665833,4.8877769005730896,0.0
2010,7.25,IA,129.875,7.25,7.25,1.9810014688665833,4.866572449419391,0.0
2011,7.25,IA,131.71666666666667,7.25,7.25,1.9810014688665833,4.880653150982875,0.0
2012,7.25,IA,134.35,7.25,7.25,1.9810014688665833,4.9004483350615,0.0
2013,7.25,IA,136.39166666666668,7.25,7.25,1.9810014688665833,4.915530648723838,0.0
2014,7.25,IA,138.025,7.25,7.25,1.9810014688665833,4.927434828170108,0.0
2015,7.25,IA,140.79999999999998,7.25,7.25,1.9810014688665833,4.947340443723942,0.0
2016,7.25,IA,142.63333333333333,7.25,7.25,1.9810014688665833,4.9602772347546615,0.0
2017,7.25,IA,143.16666666666666,7.25,7.25,1.9810014688665833,4.9640094527562,0.0
2018,7.25,IA,143.9,7.25,7.25,1.9810014688665833,4.969118613893322,0.0
2019,7.25,IA,144.44166666666666,7.25,7.25,1.9810014688665833,4.972875735159264,0.0
2020,7.25,IA,118.54166666666667,7.25,7.25,1.9810014688665833,4.775264516212486,0.0
2021,7.25,IA,128.35833333333332,7.25,7.25,1.9810014688665833,4.854825831842412,0.0
2022,7.25,IA,136.73333333333332,7.25,7.25,1.9810014688665833,4.918032556970171,0.0
2023,7.25,IA,141.32500000000002,7.25,7.25,1.9810014688665833,4.951062202561355,0.0
2000,5.15,ID,52.56666666666666,5.15,5.15,1.6389967146756448,3.962082205300883,
2001,5.15,ID,53.041666666666664,5.15,5.15,1.6389967146756448,3.9710777682094607,0.0
2002,5.15,ID,53.291666666666664,5.15,5.15,1.6389967146756448,3.975779971230897,0.0
2003,5.15,ID,54.4,5.15,5.15,1.6389967146756448,3.996364153861897,0.0
2004,5.15,ID,55.64166666666667,5.15,5.15,1.6389967146756448,4.018932321075823,0.0
2005,5.15,ID,57.208333333333336,5.15,5.15,1.6389967146756448,4.046699575420026,0.0
2006,5.15,ID,59.75833333333333,5.15,5.15,1.6389967146756448,4.090308651100528,0.0
2007,5.15,ID,63.25833333333333,5.85,5.85,1.766441661243765,4.1472268712347224,0.6999999999999993
2008,5.85,ID,63.175000000000004,6.55,6.55,1.8794650496471605,4.145908653274258,0.7000000000000002
2009,6.55,ID,58.64166666666667,7.25,7.25,1.9810014688665833,4.071445479184503,0.7000000000000002
2010,7.25,ID,57.925000000000004,7.25,7.25,1.9810014688665833,4.05914907031844,0.0
2011,7.25,ID,59.30833333333334,7.25,7.25,1.9810014688665833,4.082749824517225,0.0
2012,7.25,ID,61.25833333333333,7.25,7.25,1.9810014688665833,4.115099894592042,0.0
2013,7.25,ID,63.5,7.25,7.25,1.9810014688665833,4.151039905898646,0.0
2014,7.25,ID,65.86666666666666,7.25,7.25,1.9810014688665833,4.187632496645658,0.0
2015,7.25,ID,68.41666666666667,7.25,7.25,1.9810014688665833,4.225616459664428,0.0
2016,7.25,ID,72.33333333333333,7.25,7.25,1.9810014688665833,4.28128506487235,0.0
2017,7.25,ID,75.45,7.25,7.25,1.9810014688665833,4.323470185213858,0.0
2018,7.25,ID,79.38333333333334,7.25,7.25,1.9810014688665833,4.37428843857876,0.0
2019,7.25,ID,83.10000000000001,7.25,7.25,1.9810014688665833,4.420044701861403,0.0
2020,7.25,ID,75.29166666666667,7.25,7.25,1.9810014688665833,4.321369460244283,0.0
2021,7.25,ID,84.05833333333334,7.25,7.25,1.9810014688665833,4.4315110022727895,0.0
2022,7.25,ID,88.81666666666666,7.25,7.25,1.9810014688665833,4.4865743200746815,0.0
2023,7.25,ID,93.35000000000001,7.25,7.25,1.9810014688665833,4.536355869987732,0.0
2000,5.15,IL,486.8666666666666,5.15,5.15,1.6389967146756448,6.1879903005178996,
2001,5.15,IL,491.34999999999997,5.15,5.15,1.6389967146756448,6.197156704808436,0.0
2002,5.15,IL,492.23333333333335,5.15,5.15,1.6389967146756448,6.1989528588116185,0.0
2003,5.15,IL,497.3666666666666,5.15,5.15,1.6389967146756448,6.209327513978266,0.0
2004,5.5,IL,506.25,5.15,5.5,1.7047480922384253,6.2270306184207485,0.34999999999999964
2005,6.5,IL,512.4333333333333,5.15,6.5,1.8718021769015913,6.239170621250444,1.0
2006,6.5,IL,522.9916666666667,5.15,6.5,1.8718021769015913,6.259565530222237,0.0
2007,6.5,IL,531.6916666666667,5.85,6.5,1.8718021769015913,6.276063747388912,0.0
2008,7.5,IL,532.8333333333334,6.55,7.5,2.0149030205422647,6.278208679831787,1.0
2009,7.75,IL,516.9333333333333,7.25,7.75,2.0476928433652555,6.247913917128664,0.25
2010,8.0,IL,515.7416666666667,7.25,8.0,2.0794415416798357,6.24560599412168,0.25
2011,8.25,IL,522.6666666666666,7.25,8.25,2.1102132003465894,6.258943912242243,0.25
2012,8.25,IL,536.7166666666667,7.25,8.25,2.1102132003465894,6.285470332672421,0.0
2013,8.25,IL,546.6750000000001,7.25,8.25,2.1102132003465894,6.303854475936387,0.0
2014,8.25,IL,558.9,7.25,8.25,2.1102132003465894,6.325970566275652,0.0
2015,8.25,IL,578.9499999999999,7.25,8.25,2.1102132003465894,6.361216118058282,0.0
2016,8.25,IL,597.5083333333333,7.25,8.25,2.1102132003465894,6.392768230709802,0.0
2017,8.25,IL,610.9416666666667,7.25,8.25,2.1102132003465894,6.41500148270988,0.0
2018,8.25,IL,617.8000000000001,7.25,8.25,2.1102132003465894,6.4261647804844815,0.0
2019,8.25,IL,623.3416666666667,7.25,8.25,2.1102132003465894,6.435094790075116,0.0
2020,10.0,IL,462.25,7.25,10.0,2.302585092994046,6.136105870267234,1.75
2021,11.0,IL,503.22499999999997,7.25,11.0,2.3978952727983707,6.221037386187096,1.0
2022,12.0,IL,565.4,7.25,12.0,2.4849066497880004,6.33753344525949,1.0
2023,13.0,IL,594.0,7.25,13.0,2.5649493574615367,6.386879319362645,1.0
2000,5.15,IN,266.68333333333334,5.15,5.15,1.6389967146756448,5.586061937046774,
2001,5.15,IN,268.09999999999997,5.15,5.15,1.6389967146756448,5.591360045241913,0.0
2002,5.15,IN,268.59999999999997,5.15,5.15,1.6389967146756448,5.593223284089137,0.0
2003,5.15,IN,270.81666666666666,5.15,5.15,1.6389967146756448,5.601442085180675,0.0
2004,5.15,IN,274.21666666666664,5.15,5.15,1.6389967146756448,5.613918548164549,0.0
2005,5.15,IN,277.45,5.15,5.15,1.6389967146756448,5.62564073677191,0.0
2006,5.15,IN,281.0833333333333,5.15,5.15,1.6389967146756448,5.63865118527365,0.0
2007,5.15,IN,283.8,5.85,5.85,1.766441661243765,5.648269764725942,0.6999999999999993
2008,5.85,IN,284.73333333333335,6.55,6.55,1.8794650496471605,5.651553069739257,0.7000000000000002
2009,6.55,IN,276.7583333333333,7.25,7.25,1.9810014688665833,5.623144682547632,0.7000000000000002
2010,7.25,IN,273.47499999999997,7.25,7.25,1.9810014688665833,5.611210210005854,0.0
2011,7.25,IN,277.76666666666665,7.25,7.25,1.9810014688665833,5.626781432720051,0.0
2012,7.25,IN,285.2083333333333,7.25,7.25,1.9810014688665833,5.653219907374604,0.0
2013,7.25,IN,290.1333333333333,7.25,7.25,1.9810014688665833,5.670340587433569,0.0
2014,7.25,IN,293.84999999999997,7.25,7.25,1.9810014688665833,5.68306943305866,0.0
2015,7.25,IN,300.72499999999997,7.25,7.25,1.9810014688665833,5.706196225880136,0.0
2016,7.25,IN,306.7083333333333,7.25,7.25,1.9810014688665833,5.7258972417107605,0.0
2017,7.25,IN,308.625,7.25,7.25,1.9810014688665833,5.732126947665344,0.0
2018,7.25,IN,310.46666666666664,7.25,7.25,1.9810014688665833,5.738076541880167,0.0
2019,7.25,IN,313.8833333333333,7.25,7.25,1.9810014688665833,5.749021366972647,0.0
2020,7.25,IN,263.7583333333333,7.25,7.25,1.9810014688665833,5.575033279867766,0.0
2021,7.25,IN,283.125,7.25,7.25,1.9810014688665833,5.645888496237299,0.0
2022,7.25,IN,303.95,7.25,7.25,1.9810014688665833,5.716863214194731,0.0
2023,7.25,IN,313.1583333333333,7.25,7.25,1.9810014688665833,5.746708919932479,0.0
2000,2.65,KS,109.25833333333333,5.15,5.15,1.6389967146756448,4.693715108717356,
2001,2.65,KS,108.78333333333335,5.15,5.15,1.6389967146756448,4.689358136413117,0.0
2002,2.65,KS,108.86666666666667,5.15,5.15,1.6389967146756448,4.6901238918682555,0.0
2003,2.65,KS,108.39166666666667,5.15,5.15,1.6389967146756448,4.685751210281695,0.0
2004,2.65,KS,110.14999999999999,5.15,5.15,1.6389967146756448,4.7018430732483525,0.0
2005,2.65,KS,111.40833333333335,5.15,5.15,1.6389967146756448,4.7132021302010765,0.0
2006,2.65,KS,114.7,5.15,5.15,1.6389967146756448,4.742320024135325,0.0
2007,2.65,KS,114.68333333333334,5.85,5.85,1.766441661243765,4.7421747069803795,0.6999999999999993
2008,2.65,KS,115.95833333333333,6.55,6.55,1.8794650496471605,4.753230931177945,0.7000000000000002
2009,2.65,KS,114.11666666666667,7.25,7.25,1.9810014688665833,4.737221316898962,0.7000000000000002
2010,7.25,KS,113.39166666666667,7.25,7.25,1.9810014688665833,4.730847902408812,0.0
2011,7.25,KS,115.075,7.25,7.25,1.9810014688665833,4.745584089703305,0.0
2012,7.25,KS,119.60000000000001,7.25,7.25,1.9810014688665833,4.784152841516532,0.0
2013,7.25,KS,121.175,7.25,7.25,1.9810014688665833,4.797235781731439,0.0
2014,7.25,KS,122.825,7.25,7.25,1.9810014688665833,4.810760578054712,0.0
2015,7.25,KS,125.91666666666667,7.25,7.25,1.9810014688665833,4.835620312484739,0.0
2016,7.25,KS,127.55833333333334,7.25,7.25,1.9810014688665833,4.848573776309661,0.0
2017,7.25,KS,128.50833333333335,7.25,7.25,1.9810014688665833,4.8559937530756105,0.0
2018,7.25,KS,129.5,7.25,7.25,1.9810014688665833,4.863680881139593,0.0
2019,7.25,KS,130.05833333333334,7.25,7.25,1.9810014688665833,4.867983067760508,0.0
2020,7.25,KS,110.56666666666666,7.25,7.25,1.9810014688665833,4.705618657284897,0.0
2021,7.25,KS,120.28333333333335,7.25,7.25,1.9810014688665833,4.789850070850172,0.0
2022,7.25,KS,127.75,7.25,7.25,1.9810014688665833,4.850075229083814,0.0
2023,7.25,KS,132.80833333333334,7.25,7.25,1.9810014688665833,4.888906986077588,0.0
2000,5.15,KY,152.09166666666667,5.15,5.15,1.6389967146756448,5.024483409247974,
2001,5.15,KY,152.88333333333333,5.15,5.15,1.6389967146756448,5.029675103287555,0.0
2002,5.15,KY,153.43333333333334,5.15,5.15,1.6389967146756448,5.033266162155086,0.0
2003,5.15,KY,156.03333333333333,5.15,5.15,1.6389967146756448,5.0500696596379155,0.0
2004,5.15,KY,160.95833333333334,5.15,5.15,1.6389967146756448,5.081145532318335,0.0
2005,5.15,KY,164.63333333333333,5.15,5.15,1.6389967146756448,5.103720778878469,0.0
2006,5.15,KY,168.4,5.15,5.15,1.6389967146756448,5.126342101808226,0.0
2007,5.15,KY,172.1833333333333,5.85,5.85,1.766441661243765,5.1485598006273445,0.6999999999999993
2008,5.85,KY,171.9,6.55,6.55,1.8794650496471605,5.146912912388804,0.7000000000000002
2009,6.55,KY,167.96666666666667,7.25,7.25,1.9810014688665833,5.123765547018443,0.7000000000000002
2010,7.25,KY,167.44166666666666,7.25,7.25,1.9810014688665833,5.120635031902507,0.0
2011,7.25,KY,170.00833333333333,7.25,7.25,1.9810014688665833,5.135847455456683,0.0
2012,7.25,KY,174.8083333333333,7.25,7.25,1.9810014688665833,5.1636901356167435,0.0
2013,7.25,KY,179.45000000000002,7.25,7.25,1.9810014688665833,5.189896617593616,0.0
2014,7.25,KY,182.29999999999998,7.25,7.25,1.9810014688665833,5.205653681684617,0.0
2015,7.25,KY,187.8166666666667,7.25,7.25,1.9810014688665833,5.235466309730249,0.0
2016,7.25,KY,193.775,7.25,7.25,1.9810014688665833,5.266697692167575,0.0
2017,7.25,KY,197.07500000000002,7.25,7.25,1.9810014688665833,5.283584366945972,0.0
2018,7.25,KY,198.0666666666667,7.25,7.25,1.9810014688665833,5.288603674360398,0.0
2019,7.25,KY,201.85833333333335,7.25,7.25,1.9810014688665833,5.307566131229186,0.0
2020,7.25,KY,165.39166666666668,7.25,7.25,1.9810014688665833,5.108316398410213,0.0
2021,7.25,KY,181.50833333333333,7.25,7.25,1.9810014688665833,5.201301566333182,0.0
2022,7.25,KY,196.33333333333334,7.25,7.25,1.9810014688665833,5.279813894983477,0.0
2023,7.25,KY,204.10833333333335,7.25,7.25,1.9810014688665833,5.318650898640955,0.0
2000,6.0,MA,274.76666666666665,5.15,6.0,1.791759469228055,5.615922252651072,
2001,6.75,MA,279.65833333333336,5.15,6.75,1.9095425048844386,5.633568619977315,0.75
2002,6.75,MA,285.06666666666666,5.15,6.75,1.9095425048844386,5.652723071042725,0.0
2003,6.75,MA,287.71666666666664,5.15,6.75,1.9095425048844386,5.661976199594448,0.0
2004,6.75,MA,291.075,5.15,6.75,1.9095425048844386,5.67358096592308,0.0
2005,6.75,MA,293.0416666666667,5.15,6.75,1.9095425048844386,5.680314805960073,0.0
2006,6.75,MA,297.4166666666667,5.15,6.75,1.9095425048844386,5.69513407370216,0.0
2007,7.5,MA,303.25,5.85,7.5,2.0149030205422647,5.7145575478241595,0.75
2008,8.0,MA,306.25,6.55,8.0,2.0794415416798357,5.724401761858937,0.5
2009,8.0,MA,300.44166666666666,7.25,8.0,2.0794415416798357,5.705253614221765,0.0
2010,8.0,MA,307.85833333333335,7.25,8.0,2.0794415416798357,5.7296397204510825,0.0
2011,8.0,MA,315.4916666666667,7.25,8.0,2.0794415416798357,5.754132268531538,0.0
2012,8.0,MA,326.43333333333334,7.25,8.0,2.0794415416798357,5.788225742058639,0.0
2013,8.0,MA,335.55,7.25,8.0,2.0794415416798357,5.815770976604249,0.0
2014,8.0,MA,343.76666666666665,7.25,8.0,2.0794415416798357,5.839963132653914,0.0
2015,9.0,MA,350.60833333333335,7.25,9.0,2.1972245773362196,5.859669740981995,1.0
2016,10.0,MA,361.60833333333335,7.25,10.0,2.302585092994046,5.890561673975187,1.0
2017,11.0,MA,369.15000000000003,7.25,11.0,2.3978952727983707,5.911203065505175,1.0
2018,11.0,MA,375.30833333333334,7.25,11.0,2.3978952727983707,5.927747910353115,0.0
2019,12.0,MA,379.68333333333334,7.25,12.0,2.4849066497880004,5.939337571971854,1.0
2020,12.75,MA,261.90000000000003,7.25,12.75,2.545531271604435,5.567962751513666,0.75
2021,13.5,MA,298.34166666666664,7.25,13.5,2.6026896854443837,5.698239362177522,0.75
2022,14.25,MA,345.26666666666665,7.25,14.25,2.6567569067146595,5.844317065321682,0.75
2023,15.0,MA,360.44166666666666,7.25,15.0,2.70805020110221,5.887330131334247,0.75
2000,5.15,MD,202.75833333333333,5.15,5.15,1.6389967146756448,5.312014793671634,
2001,5.15,MD,204.54166666666666,5.15,5.15,1.6389967146756448,5.320771703710107,0.0
2002,5.15,MD,211.5666666666667,5.15,5.15,1.6389967146756448,5.354540157644315,0.0
2003,5.15,MD,215.20000000000002,5.15,5.15,1.6389967146756448,5.371567828287629,0.0
2004,5.15,MD,220.83333333333334,5.15,5.15,1.6389967146756448,5.397408269192268,0.0
2005,5.15,MD,225.6833333333333,5.15,5.15,1.6389967146756448,5.419132836760723,0.0
2006,5.15,MD,230.41666666666666,5.15,5.15,1.6389967146756448,5.439889264168435,0.0
2007,6.15,MD,233.66666666666666,5.85,6.15,1.8164520818184267,5.45389559836648,1.0
2008,6.15,MD,236.16666666666666,6.55,6.55,1.8794650496471605,5.464537770462625,0.39999999999999947
2009,6.55,MD,230.26666666666665,7.25,7.25,1.9810014688665833,5.439238057604414,0.7000000000000002
2010,7.25,MD,229.6916666666667,7.25,7.25,1.9810014688665833,5.436737829832187,0.0
2011,7.25,MD,233.33333333333334,7.25,7.25,1.9810014688665833,5.452468046375295,0.0
2012,7.25,MD,244.26666666666665,7.25,7.25,1.9810014688665833,5.498260524691811,0.0
2013,7.25,MD,253.88333333333333,7.25,7.25,1.9810014688665833,5.5368748439146005,0.0
2014,7.25,MD,260.2083333333333,7.25,7.25,1.9810014688665833,5.561482592211733,0.0
2015,8.25,MD,267.44166666666666,7.25,8.25,2.1102132003465894,5.588901474019836,1.0
2016,8.75,MD,273.14166666666665,7.25,8.75,2.169053700369523,5.6099905861086,0.5
2017,9.25,MD,280.09166666666664,7.25,9.25,2.224623551524334,5.6351169305441795,0.5
2018,10.1,MD,281.90000000000003,7.25,10.1,2.312535423847214,5.641552398120067,0.8499999999999996
2019,10.1,MD,282.68333333333334,7.25,10.1,2.312535423847214,5.644327307649738,0.0
2020,11.0,MD,210.71666666666667,7.25,11.0,2.3978952727983707,5.350514419089797,0.9000000000000004
2021,11.75,MD,230.88333333333333,7.25,11.75,2.463853240590168,5.441912532435778,0.75
2022,12.5,MD,249.9333333333333,7.25,12.5,2.5257286443082556,5.5211942156337015,0.75
2023,13.25,MD,263.075,7.25,13.25,2.583997552432231,5.572439162626876,0.75
2000,5.15,ME,56.199999999999996,5.15,5.15,1.6389967146756448,4.028916756899645,
2001,5.15,ME,56.699999999999996,5.15,5.15,1.6389967146756448,4.037774210733707,0.0
2002,5.75,ME,57.625,5.15,5.75,1.749199854809259,4.053956501316812,0.5999999999999996
2003,6.25,ME,58.75,5.15,6.25,1.8325814637483102,4.073291153024268,0.5
2004,6.25,ME,59.175000000000004,5.15,6.25,1.8325814637483102,4.080499155400048,0.0
2005,6.35,ME,59.425000000000004,5.15,6.35,1.8484548129046001,4.0847150132462575,0.09999999999999964
2006,6.5,ME,60.175000000000004,5.15,6.5,1.8718021769015913,4.097256983669136,0.15000000000000036
2007,6.75,ME,60.550000000000004,5.85,6.75,1.9095425048844386,4.1034694699991014,0.25
2008,7.0,ME,60.50833333333333,6.55,7.0,1.9459101490553132,4.102781096598201,0.25
2009,7.25,ME,59.61666666666667,7.25,7.25,1.9810014688665833,4.0879351770369174,0.25
2010,7.5,ME,60.050000000000004,7.25,7.5,2.0149030205422647,4.095177548525992,0.25
2011,7.5,ME,60.39166666666667,7.25,7.5,2.0149030205422647,4.100851126327235,0.0
2012,7.5,ME,61.824999999999996,7.25,7.5,2.0149030205422647,4.12430781340748,0.0
2013,7.5,ME,62.949999999999996,7.25,7.5,2.0149030205422647,4.142340760490356,0.0
2014,7.5,ME,63.475,7.25,7.5,2.0149030205422647,4.1506461275907425,0.0
2015,7.5,ME,64.48333333333333,7.25,7.5,2.0149030205422647,4.166406792478412,0.0
2016,7.5,ME,66.10833333333333,7.25,7.5,2.0149030205422647,4.191294810519957,0.0
2017,9.0,ME,67.80833333333334,7.25,9.0,2.1972245773362196,4.2166850979146115,1.5
2018,10.0,ME,69.08333333333333,7.25,10.0,2.302585092994046,4.235313505347294,1.0
2019,11.0,ME,70.13333333333334,7.25,11.0,2.3978952727983707,4.250398192195445,1.0
2020,12.0,ME,52.275,7.25,12.0,2.4849066497880004,3.9565182453146974,1.0
2021,12.15,ME,60.85,7.25,12.15,2.4973291697865574,4.108411819433536,0.15000000000000036
2022,12.75,ME,66.14999999999999,7.25,12.75,2.545531271604435,4.191924890560965,0.5999999999999996
2023,13.8,ME,69.23333333333333,7.25,13.8,2.624668592163159,4.237482442213957,1.0500000000000007
2000,5.15,MI,398.6166666666666,5.15,5.15,1.6389967146756448,5.988000219916764,
2001,5.15,MI,394.7416666666666,5.15,5.15,1.6389967146756448,5.978231542505493,0.0
2002,5.15,MI,398.6166666666666,5.15,5.15,1.6389967146756448,5.988000219916764,0.0
2003,5.15,MI,398.925,5.15,5.15,1.6389967146756448,5.988773429296491,0.0
2004,5.15,MI,403.1583333333333,5.15,5.15,1.6389967146756448,5.999329371470129,0.0
2005,5.15,MI,405.575,5.15,5.15,1.6389967146756448,6.005305813296463,0.0
2006,5.15,MI,406.90000000000003,5.15,5.15,1.6389967146756448,6.008567455007644,0.0
2007,6.95,MI,406.9666666666667,5.85,6.95,1.9387416595767009,6.0087312820067,1.7999999999999998
2008,7.15,MI,399.8416666666667,6.55,7.15,1.9671123567059163,5.991068635411955,0.20000000000000018
2009,7.4,MI,381.68333333333334,7.25,7.4,2.0014800002101243,5.944591294489077,0.25
2010,7.4,MI,377.4916666666666,7.25,7.4,2.0014800002101243,5.933548493390234,0.0
2011,7.4,MI,380.51666666666665,7.25,7.4,2.0014800002101243,5.9415299783573525,0.0
2012,7.4,MI,388.8333333333333,7.25,7.4,2.0014800002101243,5.963150802793375,0.0
2013,7.4,MI,398.3416666666667,7.25,7.4,2.0014800002101243,5.987310095980763,0.0
2014,8.15,MI,406.45,7.25,8.15,2.0980179272527715,6.007460920192582,0.75
2015,8.15,MI,413.8333333333333,7.25,8.15,2.0980179272527715,6.025463316280112,0.0
2016,8.5,MI,425.22499999999997,7.25,8.5,2.1400661634962708,6.052618440600155,0.34999999999999964
2017,8.9,MI,432.22499999999997,7.25,8.9,2.186051276738094,6.068946285990839,0.40000000000000036
2018,9.25,MI,433.6333333333334,7.25,9.25,2.224623551524334,6.072199322939404,0.34999999999999964
2019,9.45,MI,435.5833333333333,7.25,9.45,2.2460147415056513,6.076686128924922,0.1999999999999993
2020,9.65,MI,324.2,7.25,9.65,2.2669579153508947,5.781360609301576,0.20000000000000107
2021,9.65,MI,357.43333333333334,7.25,9.65,2.2669579153508947,5.87894886455799,0.0
2022,9.87,MI,403.73333333333335,7.25,9.87,2.28949985344539,6.000754594015075,0.21999999999999886
2023,10.1,MI,422.93333333333334,7.25,10.1,2.312535423847214,6.047214562212474,0.23000000000000043
2000,5.15,MN,221.6916666666667,5.15,5.15,1.6389967146756448,5.401287527583225,
2001,5.15,MN,226.60833333333335,5.15,5.15,1.6389967146756448,5.423223123439915,0.0
2002,5.15,MN,228.79999999999998,5.15,5.15,1.6389967146756448,5.432848259505643,0.0
2003,5.15,MN,231.625,5.15,5.15,1.6389967146756448,5.445119684605523,0.0
2004,5.15,MN,235.73333333333335,5.15,5.15,1.6389967146756448,5.462701222655324,0.0
2005,5.15,MN,242.33333333333334,5.15,5.15,1.6389967146756448,5.49031418886541,0.0
2006,6.15,MN,245.3166666666667,5.15,6.15,1.8164520818184267,5.502549892970486,1.0
2007,6.16,MN,247.6833333333333,5.85,6.16,1.8180767775454285,5.512151048536468,0.009999999999999787
2008,6.16,MN,245.75,6.55,6.55,1.8794650496471605,5.504314759027276,0.3899999999999997
2009,6.16,MN,237.76666666666665,7.25,7.25,1.9810014688665833,5.4712898006158825,0.7000000000000002
2010,6.16,MN,235.125,7.25,7.25,1.9810014688665833,5.460117287621195,0.0
2011,6.16,MN,239.59166666666667,7.25,7.25,1.9810014688665833,5.478936085447245,0.0
2012,6.16,MN,245.57500000000002,7.25,7.25,1.9810014688665833,5.5036023995609336,0.0
2013,6.15,MN,250.24166666666667,7.25,7.25,1.9810014688665833,5.522427117607571,0.0
2014,8.0,MN,254.21666666666667,7.25,8.0,2.0794415416798357,5.538186921777832,0.75
2015,9.0,MN,259.55,7.25,9.0,2.1972245773362196,5.558949362273238,1.0
2016,9.5,MN,265.3833333333333,7.25,9.5,2.2512917986064953,5.581175321634325,0.5
2017,9.5,MN,270.75,7.25,9.5,2.2512917986064953,5.6011958858811,0.0
2018,9.65,MN,273.40833333333336,7.25,9.65,2.2669579153508947,5.610966404195974,0.15000000000000036
2019,9.86,MN,275.75,7.25,9.86,2.288486168614544,5.619494658133612,0.20999999999999908
2020,10.0,MN,204.61666666666667,7.25,10.0,2.302585092994046,5.321138309958739,0.14000000000000057
2021,10.08,MN,229.0,7.25,10.08,2.3105532626432224,5.43372200355424,0.08000000000000007
2022,10.33,MN,255.64166666666665,7.25,10.33,2.3350522831315472,5.543776724345661,0.25
2023,10.59,MN,267.25,7.25,10.59,2.359910159613315,5.588184549905154,0.2599999999999998
2000,5.15,MO,254.46666666666667,5.15,5.15,1.6389967146756448,5.5391698516430194,
2001,5.15,MO,256.2916666666667,5.15,5.15,1.6389967146756448,5.546316118860423,0.0
2002,5.15,MO,260.06666666666666,5.15,5.15,1.6389967146756448,5.560938008404446,0.0
2003,5.15,MO,261.09166666666664,5.15,5.15,1.6389967146756448,5.564871558943993,0.0
2004,5.15,MO,267.22499999999997,5.15,5.15,1.6389967146756448,5.588091000160009,0.0
2005,5.15,MO,272.69166666666666,5.15,5.15,1.6389967146756448,5.608341730773202,0.0
2006,5.15,MO,278.45,5.15,5.15,1.6389967146756448,5.629238510035678,0.0
2007,6.5,MO,281.05833333333334,5.85,6.5,1.8718021769015913,5.638562239723092,1.3499999999999996
2008,6.65,MO,280.5416666666667,6.55,6.65,1.8946168546677629,5.636722258197335,0.15000000000000036
2009,7.05,MO,273.4,7.25,7.25,1.9810014688665833,5.610935924289849,0.5999999999999996
2010,7.25,MO,271.78333333333336,7.25,7.25,1.9810014688665833,5.605005180239177,0.0
2011,7.25,MO,270.675,7.25,7.25,1.9810014688665833,5.600918839196962,0.0
2012,7.25,MO,274.71666666666664,7.25,7.25,1.9810014688665833,5.615740263509255,0.0
2013,7.35,MO,281.2416666666667,7.25,7.35,1.9947003132247452,5.639214323450034,0.09999999999999964
2014,7.5,MO,287.2,7.25,7.5,2.0149030205422647,5.660178837174069,0.15000000000000036
2015,7.65,MO,293.0,7.25,7.65,2.0347056478384444,5.680172609017068,0.15000000000000036
2016,7.65,MO,299.2916666666667,7.25,7.65,2.0347056478384444,5.701418571726856,0.0
2017,7.7,MO,303.72499999999997,7.25,7.7,2.0412203288596382,5.716122686740806,0.04999999999999982
2018,7.85,MO,305.71666666666664,7.25,7.85,2.060513531794317,5.72265874709225,0.14999999999999947
2019,8.6,MO,309.03333333333336,7.25,8.6,2.151762203259462,5.733449145944827,0.75
2020,9.45,MO,253.28333333333333,7.25,9.45,2.2460147415056513,5.534508756711505,0.8499999999999996
2021,10.3,MO,275.3333333333333,7.25,10.3,2.33214389523559,5.6179824848528686,0.8500000000000014
2022,11.15,MO,297.84166666666664,7.25,11.15,2.411439497906128,5.6965620253944484,0.8499999999999996
2023,12.0,MO,308.6666666666667,7.25,12.0,2.4849066497880004,5.7322619459780695,0.8499999999999996
2000,5.15,MT,50.166666666666664,5.15,5.15,1.6389967146756448,3.915350795520821,
2001,5.15,MT,49.46666666666667,5.15,5.15,1.6389967146756448,3.9012990420651703,0.0
2002,5.15,MT,50.98333333333333,5.15,5.15,1.6389967146756448,3.9314987819288025,0.0
2003,5.15,MT,52.23333333333333,5.15,5.15,1.6389967146756448,3.9557208606938654,0.0
2004,5.15,MT,53.800000000000004,5.15,5.15,1.6389967146756448,3.985273467167739,0.0
2005,5.15,MT,55.25833333333333,5.15,5.15,1.6389967146756448,4.0120191585868215,0.0
2006,5.15,MT,56.73333333333333,5.15,5.15,1.6389967146756448,4.038361927471164,0.0
2007,6.15,MT,58.14166666666667,5.85,6.15,1.8164520818184267,4.062882561157191,1.0
2008,6.25,MT,59.041666666666664,6.55,6.55,1.8794650496471605,4.078243409342734,0.39999999999999947
2009,6.9,MT,56.75833333333333,7.25,7.25,1.9810014688665833,4.038802488459273,0.7000000000000002
2010,7.25,MT,55.64166666666667,7.25,7.25,1.9810014688665833,4.018932321075823,0.0
2011,7.35,MT,56.43333333333334,7.25,7.35,1.9947003132247452,4.03306000047098,0.09999999999999964
2012,7.65,MT,57.98333333333333,7.25,7.65,2.0347056478384444,4.060155612929841,0.3000000000000007
2013,7.8,MT,59.94166666666666,7.25,7.8,2.0541237336955462,4.0933718670853105,0.14999999999999947
2014,7.9,MT,60.333333333333336,7.25,7.9,2.066862759472976,4.099884742597716,0.10000000000000053
2015,8.05,MT,62.61666666666667,7.25,8.05,2.0856720914304723,4.137031483351868,0.15000000000000036
2016,8.05,MT,64.40833333333333,7.25,8.05,2.0856720914304723,4.165243024324825,0.0
2017,8.15,MT,65.03333333333333,7.25,8.15,2.0980179272527715,4.174899958960956,0.09999999999999964
2018,8.3,MT,66.125,7.25,8.3,2.1162555148025524,4.191546890178463,0.15000000000000036
2019,8.5,MT,67.25,7.25,8.5,2.1400661634962708,4.208417018481948,0.1999999999999993
2020,8.65,MT,58.86666666666667,7.25,8.65,2.157559320943788,4.07527499950175,0.15000000000000036
2021,8.75,MT,66.075,7.25,8.75,2.169053700369523,4.190790460490353,0.09999999999999964
2022,9.2,MT,70.63333333333334,7.25,9.2,2.2192034840549946,4.257502176606144,0.4499999999999993
2023,9.95,MT,72.94166666666666,7.25,9.95,2.2975725511705014,4.289660034950392,0.75
2000,5.15,NC,328.21666666666664,5.15,5.15,1.6389967146756448,5.793673959410095,
2001,5.15,NC,331.85833333333335,5.15,5.15,1.6389967146756448,5.804708171023915,0.0
2002,5.15,NC,339.5833333333333,5.15,5.15,1.6389967146756448,5.8277193758869625,0.0
2003,5.15,NC,343.4916666666666,5.15,5.15,1.6389967146756448,5.839162851300196,0.0
2004,5.15,NC,355.01666666666665,5.15,5.15,1.6389967146756448,5.872164736730183,0.0
2005,5.15,NC,363.40000000000003,5.15,5.15,1.6389967146756448,5.895504155962071,0.0
2006,5.15,NC,383.7,5.15,5.15,1.6389967146756448,5.949860997252907,0.0
2007,6.15,NC,401.05833333333334,5.85,6.15,1.8164520818184267,5.99410688638607,1.0
2008,6.15,NC,406.2916666666667,6.55,6.55,1.8794650496471605,6.007071292487174,0.39999999999999947
2009,6.55,NC,393.81666666666666,7.25,7.25,1.9810014688665833,5.975885487977467,0.7000000000000002
2010,7.25,NC,392.80833333333334,7.25,7.25,1.9810014688665833,5.9733217914623316,0.0
2011,7.25,NC,401.69166666666666,7.25,7.25,1.9810014688665833,5.995684795983676,0.0
2012,7.25,NC,416.23333333333335,7.25,7.25,1.9810014688665833,6.03124600045299,0.0
2013,7.25,NC,431.75,7.25,7.25,1.9810014688665833,6.067846717026788,0.0
2014,7.25,NC,444.8416666666667,7.25,7.25,1.9810014688665833,6.0977184136090905,0.0
2015,7.25,NC,460.39166666666665,7.25,7.25,1.9810014688665833,6.132077576481195,0.0
2016,7.25,NC,480.26666666666665,7.25,7.25,1.9810014688665833,6.174341505193636,0.0
2017,7.25,NC,493.5083333333334,7.25,7.25,1.9810014688665833,6.201539744918065,0.0
2018,7.25,NC,502.8666666666666,7.25,7.25,1.9810014688665833,6.2203250587514205,0.0
2019,7.25,NC,514.8583333333333,7.25,7.25,1.9810014688665833,6.243891781915895,0.0
2020,7.25,NC,420.35833333333335,7.25,7.25,1.9810014688665833,6.041107522134015,0.0
2021,7.25,NC,458.47499999999997,7.25,7.25,1.9810014688665833,6.1279057645828985,0.0
2022,7.25,NC,500.375,7.25,7.25,1.9810014688665833,6.2153578173127375,0.0
2023,7.25,NC,531.1416666666667,7.25,7.25,1.9810014688665833,6.2750287778751686,0.0
2000,5.15,ND,29.25,5.15,5.15,1.6389967146756448,3.3758795736778655,
2001,5.15,ND,29.34166666666667,5.15,5.15,1.6389967146756448,3.3790085763730064,0.0
2002,5.15,ND,29.866666666666664,5.15,5.15,1.6389967146756448,3.396743031312775,0.0
2003,5.15,ND,30.0,5.15,5.15,1.6389967146756448,3.4011973816621555,0.0
2004,5.15,ND,30.724999999999998,5.15,5.15,1.6389967146756448,3.4250766554520986,0.0
2005,5.15,ND,31.183333333333334,5.15,5.15,1.6389967146756448,3.439883764051989,0.0
2006,5.15,ND,31.575,5.15,5.15,1.6389967146756448,3.452365668236555,0.0
2007,5.15,ND,32.86666666666667,5.85,5.85,1.766441661243765,3.4924589729404802,0.6999999999999993
2008,5.85,ND,33.59166666666667,6.55,6.55,1.8794650496471605,3.51427802033512,0.7000000000000002
2009,6.55,ND,33.983333333333334,7.25,7.25,1.9810014688665833,3.5258702083523543,0.7000000000000002
2010,7.25,ND,34.25833333333333,7.25,7.25,1.9810014688665833,3.5339298441158324,0.0
2011,7.25,ND,35.46666666666667,7.25,7.25,1.9810014688665833,3.5685932882394344,0.0
2012,7.25,ND,38.108333333333334,7.25,7.25,1.9810014688665833,3.6404329808760094,0.0
2013,7.25,ND,39.225,7.25,7.25,1.9810014688665833,3.6693142986190965,0.0
2014,7.25,ND,40.65833333333333,7.25,7.25,1.9810014688665833,3.7052038170337913,0.0
2015,7.25,ND,40.775,7.25,7.25,1.9810014688665833,3.7080691485070774,0.0
2016,7.25,ND,40.0,7.25,7.25,1.9810014688665833,3.6888794541139363,0.0
2017,7.25,ND,40.166666666666664,7.25,7.25,1.9810014688665833,3.6930374642626,0.0
2018,7.25,ND,40.358333333333334,7.25,7.25,1.9810014688665833,3.6977978996211833,0.0
2019,7.25,ND,40.425000000000004,7.25,7.25,1.9810014688665833,3.6994484054631704,0.0
2020,7.25,ND,34.31666666666667,7.25,7.25,1.9810014688665833,3.5356311448056887,0.0
2021,7.25,ND,37.041666666666664,7.25,7.25,1.9810014688665833,3.612043405165959,0.0
2022,7.25,ND,39.05833333333333,7.25,7.25,1.9810014688665833,3.66505625514066,0.0
2023,7.25,ND,40.175000000000004,7.25,7.25,1.9810014688665833,3.6932449116235766,0.0
2000,5.15,NE,76.85000000000001,5.15,5.15,1.6389967146756448,4.341855469984605,
2001,5.15,NE,76.71666666666667,5.15,5.15,1.6389967146756448,4.340118981595141,0.0
2002,5.15,NE,77.03333333333333,5.15,5.15,1.6389967146756448,4.344238228612225,0.0
2003,5.15,NE,77.28333333333333,5.15,5.15,1.6389967146756448,4.34747832216936,0.0
2004,5.15,NE,77.55,5.15,5.15,1.6389967146756448,4.350922889622548,0.0
2005,5.15,NE,79.35833333333333,5.15,5.15,1.6389967146756448,4.373973461412,0.0
2006,5.15,NE,80.83333333333333,5.15,5.15,1.6389967146756448,4.392389421709428,0.0
2007,5.15,NE,82.28333333333333,5.85,5.85,1.766441661243765,4.410168576036762,0.6999999999999993
2008,5.85,NE,82.63333333333334,6.55,6.55,1.8794650496471605,4.4144131503730355,0.7000000000000002
2009,6.55,NE,81.35000000000001,7.25,7.25,1.9810014688665833,4.3987608336650466,0.7000000000000002
2010,7.25,NE,80.8,7.25,7.25,1.9810014688665833,4.39197696552705,0.0
2011,7.25,NE,81.84166666666667,7.25,7.25,1.9810014688665833,4.404786486375729,0.0
2012,7.25,NE,84.14999999999999,7.25,7.25,1.9810014688665833,4.432600920636815,0.0
2013,7.25,NE,85.71666666666665,7.25,7.25,1.9810014688665833,4.451047283552815,0.0
2014,7.25,NE,87.02499999999999,7.25,7.25,1.9810014688665833,4.466195433697503,0.0
2015,8.0,NE,88.48333333333333,7.25,8.0,2.0794415416798357,4.482814210361571,0.75
2016,9.0,NE,90.43333333333334,7.25,9.0,2.1972245773362196,4.504612930996776,1.0
2017,9.0,NE,91.89999999999999,7.25,9.0,2.1972245773362196,4.520701029361641,0.0
2018,9.0,NE,92.7,7.25,9.0,2.1972245773362196,4.529368472571809,0.0
2019,9.0,NE,93.93333333333334,7.25,9.0,2.1972245773362196,4.54258531079647,0.0
2020,9.0,NE,79.51666666666667,7.25,9.0,2.1972245773362196,4.3759666432940065,0.0
2021,9.0,NE,86.71666666666665,7.25,9.0,2.1972245773362196,4.462646099068203,0.0
2022,9.0,NE,92.35833333333333,7.25,9.0,2.1972245773362196,4.525675938993607,0.0
2023,10.5,NE,97.06666666666666,7.25,10.5,2.3513752571634776,4.575398027654421,1.5
2000,5.15,NH,58.225,5.15,5.15,1.6389967146756448,4.0643148157704045,
2001,5.15,NH,59.46666666666667,5.15,5.15,1.6389967146756448,4.085415931477799,0.0
2002,5.15,NH,60.833333333333336,5.15,5.15,1.6389967146756448,4.108137884354437,0.0
2003,5.15,NH,61.5,5.15,5.15,1.6389967146756448,4.119037174812473,0.0
2004,5.15,NH,63.80833333333334,5.15,5.15,1.6389967146756448,4.155883798331078,0.0
2005,5.15,NH,63.28333333333333,5.15,5.15,1.6389967146756448,4.1476219980097015,0.0
2006,5.15,NH,63.86666666666667,5.15,5.15,1.6389967146756448,4.156797576868651,0.0
2007,5.15,NH,63.975,5.85,5.85,1.766441661243765,4.158492382045853,0.6999999999999993
2008,6.5,NH,63.699999999999996,6.55,6.55,1.8794650496471605,4.154184562578117,0.7000000000000002
2009,7.25,NH,62.1,7.25,7.25,1.9810014688665833,4.128745988939433,0.7000000000000002
2010,7.25,NH,62.44166666666666,7.25,7.25,1.9810014688665833,4.134232787582265,0.0
2011,7.25,NH,63.24166666666667,7.25,7.25,1.9810014688665833,4.146963366621867,0.0
2012,7.25,NH,64.54166666666667,7.25,7.25,1.9810014688665833,4.167311010068923,0.0
2013,7.25,NH,66.2,7.25,7.25,1.9810014688665833,4.192680462942962,0.0
2014,7.25,NH,67.08333333333333,7.25,7.25,1.9810014688665833,4.205935627630563,0.0
2015,7.25,NH,68.53333333333333,7.25,7.25,1.9810014688665833,4.2273202449129,0.0
2016,7.25,NH,69.825,7.25,7.25,1.9810014688665833,4.2459921118312405,0.0
2017,7.25,NH,70.88333333333334,7.25,7.25,1.9810014688665833,4.261035333031533,0.0
2018,7.25,NH,72.14166666666667,7.25,7.25,1.9810014688665833,4.278631778433728,0.0
2019,7.25,NH,73.34166666666667,7.25,7.25,1.9810014688665833,4.2951288875917655,0.0
2020,7.25,NH,57.208333333333336,7.25,7.25,1.9810014688665833,4.046699575420026,0.0
2021,7.25,NH,65.05,7.25,7.25,1.9810014688665833,4.1751562049585145,0.0
2022,7.25,NH,70.75,7.25,7.25,1.9810014688665833,4.259152536523347,0.0
2023,7.25,NH,73.81666666666666,7.25,7.25,1.9810014688665833,4.301584541701097,0.0
2000,5.15,NJ,303.075,5.15,5.15,1.6389967146756448,5.713980299632647,
2001,5.15,NJ,304.0,5.15,5.15,1.6389967146756448,5.717027701406222,0.0
2002,5.15,NJ,311.075,5.15,5.15,1.6389967146756448,5.740034040661695,0.0
2003,5.15,NJ,321.39166666666665,5.15,5.15,1.6389967146756448,5.7726605247366125,0.0
2004,5.15,NJ,325.43333333333334,5.15,5.15,1.6389967146756448,5.785157627563516,0.0
2005,5.15,NJ,333.2416666666667,5.15,5.15,1.6389967146756448,5.808867952494594,0.0
2006,6.15,NJ,338.27500000000003,5.15,6.15,1.8164520818184267,5.823859174149708,1.0
2007,7.15,NJ,339.9166666666667,5.85,7.15,1.9671123567059163,5.828700489529558,1.0
2008,7.15,NJ,342.27500000000003,6.55,7.15,1.9671123567059163,5.83561450751982,0.0
2009,7.15,NJ,334.175,7.25,7.25,1.9810014688665833,5.811664807857537,0.09999999999999964
2010,7.25,NJ,334.1666666666667,7.25,7.25,1.9810014688665833,5.811639870512614,0.0
2011,7.25,NJ,335.7416666666667,7.25,7.25,1.9810014688665833,5.81634201504072,0.0
2012,7.25,NJ,345.8,7.25,7.25,1.9810014688665833,5.84586057324919,0.0
2013,7.25,NJ,353.25,7.25,7.25,1.9810014688665833,5.867176021564637,0.0
2014,8.25,NJ,356.8333333333333,7.25,8.25,2.1102132003465894,5.877268819361627,1.0
2015,8.38,NJ,359.9166666666667,7.25,8.38,2.125847914493992,5.885872523172701,0.13000000000000078
2016,8.38,NJ,369.75,7.25,8.38,2.125847914493992,5.912827101590909,0.0
2017,8.44,NJ,376.30833333333334,7.25,8.44,2.1329823086078656,5.930408842805509,0.05999999999999872
2018,8.6,NJ,387.31666666666666,7.25,8.6,2.151762203259462,5.959242618558065,0.16000000000000014
2019,10.0,NJ,394.85833333333335,7.25,10.0,2.302585092994046,5.978527050781875,1.4000000000000004
2020,11.0,NJ,283.39166666666665,7.25,11.0,2.3978952727983707,5.6468299219783304,1.0
2021,12.0,NJ,330.675,7.25,12.0,2.4849066497880004,5.801136019912111,1.0
2022,13.0,NJ,377.5,7.25,13.0,2.5649493574615367,5.933570568689079,1.0
2023,14.13,NJ,398.5416666666667,7.25,14.13,2.6483001966964363,5.987812051526408,1.1300000000000008
2000,4.25,NM,77.18333333333334,5.15,5.15,1.6389967146756448,4.346183544258651,
2001,4.25,NM,78.425,5.15,5.15,1.6389967146756448,4.362142754076742,0.0
2002,4.25,NM,80.01666666666667,5.15,5.15,1.6389967146756448,4.38223494630884,0.0
2003,4.25,NM,81.52499999999999,5.15,5.15,1.6389967146756448,4.400909721675383,0.0
2004,5.15,NM,82.575,5.15,5.15,1.6389967146756448,4.413706971276853,0.0
2005,5.15,NM,83.825,5.15,5.15,1.6389967146756448,4.428731292352293,0.0
2006,5.15,NM,86.61666666666667,5.15,5.15,1.6389967146756448,4.461492252786341,0.0
2007,5.15,NM,87.80833333333334,5.85,5.85,1.766441661243765,4.475156408817481,0.6999999999999993
2008,6.5,NM,86.79166666666667,6.55,6.55,1.8794650496471605,4.463510610913026,0.7000000000000002
2009,7.5,NM,84.175,7.25,7.5,2.0149030205422647,4.432897965047138,0.9500000000000002
2010,7.5,NM,83.63333333333334,7.25,7.5,2.0149030205422647,4.426442164704267,0.0
2011,7.5,NM,84.575,7.25,7.5,2.0149030205422647,4.437638714666773,0.0
2012,7.5,NM,86.19166666666666,7.25,7.5,2.0149030205422647,4.456573498595757,0.0
2013,7.5,NM,88.47500000000001,7.25,7.5,2.0149030205422647,4.482720026231527,0.0
2014,7.5,NM,90.90833333333335,7.25,7.5,2.0149030205422647,4.509851672815711,0.0
2015,7.5,NM,93.075,7.25,7.5,2.0149030205422647,4.53340561975878,0.0
2016,7.5,NM,95.54166666666667,7.25,7.5,2.0149030205422647,4.559562452509959,0.0
2017,7.5,NM,96.31666666666666,7.25,7.5,2.0149030205422647,4.567641374095677,0.0
2018,7.5,NM,97.81666666666666,7.25,7.5,2.0149030205422647,4.583094978336233,0.0
2019,7.5,NM,99.7,7.25,7.5,2.0149030205422647,4.602165676967792,0.0
2020,9.0,NM,78.54166666666667,7.25,9.0,2.1972245773362196,4.363629269534165,1.5
2021,10.5,NM,85.96666666666665,7.25,10.5,2.3513752571634776,4.4539596242191895,1.5
2022,11.5,NM,95.30833333333334,7.25,11.5,2.4423470353692043,4.557117249999171,1.0
2023,12.0,NM,99.89166666666667,7.25,12.0,2.4849066497880004,4.604086265425054,0.5
2000,5.15,NV,304.65833333333336,5.15,5.15,1.6389967146756448,5.719190930114366,
2001,5.15,NV,304.53333333333336,5.15,5.15,1.6389967146756448,5.718780550233636,0.0
2002,5.15,NV,297.625,5.15,5.15,1.6389967146756448,5.695834304807027,0.0
2003,5.15,NV,303.71666666666664,5.15,5.15,1.6389967146756448,5.7160952492639545,0.0
2004,5.15,NV,312.53333333333336,5.15,5.15,1.6389967146756448,5.744711130154639,0.0
2005,5.15,NV,327.01666666666665,5.15,5.15,1.6389967146756448,5.790011137998001,0.0
2006,5.15,NV,336.9583333333333,5.15,5.15,1.6389967146756448,5.8199592827478765,0.0
2007,6.15,NV,339.30833333333334,5.85,6.15,1.8164520818184267,5.826909231857972,1.0
2008,6.33,NV,332.6333333333333,6.55,6.55,1.8794650496471605,5.807040782222157,0.39999999999999947
2009,6.85,NV,308.10833333333335,7.25,7.25,1.9810014688665833,5.730451452732248,0.7000000000000002
2010,7.55,NV,308.97499999999997,7.25,7.55,2.0215475632609334,5.733260367475799,0.2999999999999998
2011,8.25,NV,315.5083333333333,7.25,8.25,2.1102132003465894,5.754185094733346,0.7000000000000002
2012,8.25,NV,317.18333333333334,7.25,8.25,2.1102132003465894,5.759479945294927,0.0
2013,8.25,NV,323.925,7.25,8.25,2.1102132003465894,5.780512007514875,0.0
2014,8.25,NV,335.65833333333336,7.25,8.25,2.1102132003465894,5.816093777525793,0.0
2015,8.25,NV,340.8833333333333,7.25,8.25,2.1102132003465894,5.831540287756066,0.0
2016,8.25,NV,345.125,7.25,8.25,2.1102132003465894,5.843906670250319,0.0
2017,8.25,NV,349.69166666666666,7.25,8.25,2.1102132003465894,5.857051813835912,0.0
2018,8.25,NV,352.7166666666667,7.25,8.25,2.1102132003465894,5.865665090638353,0.0
2019,8.25,NV,355.9916666666666,7.25,8.25,2.1102132003465894,5.874907322338353,0.0
2020,9.0,NV,257.76666666666665,7.25,9.0,2.1972245773362196,5.55205478294688,0.75
2021,9.75,NV,295.05833333333334,7.25,9.75,2.277267285009756,5.6871730769048146,0.75
2022,9.5,NV,336.45,7.25,9.5,2.2512917986064953,5.818449549634327,-0.25
2023,9.5,NV,348.325,7.25,9.5,2.2512917986064953,5.853135951999655,0.0
2000,4.25,NY,639.9583333333334,5.15,5.15,1.6389967146756448,6.461403070067683,
2001,5.15,NY,639.6,5.15,5.15,1.6389967146756448,6.460842980959799,0.0
2002,5.15,NY,642.4666666666666,5.15,5.15,1.6389967146756448,6.4653149347490775,0.0
2003,5.15,NY,649.4333333333333,5.15,5.15,1.6389967146756448,6.476100187783731,0.0
2004,5.15,NY,665.6750000000001,5.15,5.15,1.6389967146756448,6.500801563447514,0.0
2005,6.0,NY,672.7666666666667,5.15,6.0,1.791759469228055,6.511398563237964,0.8499999999999996
2006,6.75,NY,682.7083333333334,5.15,6.75,1.9095425048844386,6.52606773078497,0.75
2007,7.15,NY,703.8916666666668,5.85,7.15,1.9671123567059163,6.556624461741147,0.40000000000000036
2008,7.15,NY,720.1833333333334,6.55,7.15,1.9671123567059163,6.579505809227109,0.0
2009,7.15,NY,715.1166666666667,7.25,7.25,1.9810014688665833,6.572445699546375,0.09999999999999964
2010,7.25,NY,738.2083333333334,7.25,7.25,1.9810014688665833,6.604226079252491,0.0
2011,7.25,NY,770.3249999999999,7.25,7.25,1.9810014688665833,6.6468125037199774,0.0
2012,7.25,NY,806.9499999999999,7.25,7.25,1.9810014688665833,6.693261708481831,0.0
2013,7.25,NY,842.5916666666667,7.25,7.25,1.9810014688665833,6.736482459473065,0.0
2014,8.0,NY,874.3166666666666,7.25,8.0,2.0794415416798357,6.773442628874494,0.75
2015,8.75,NY,901.0166666666668,7.25,8.75,2.169053700369523,6.803523755402477,0.75
2016,9.0,NY,921.7916666666666,7.25,9.0,2.1972245773362196,6.826319239962041,0.25
2017,9.7,NY,950.7583333333333,7.25,9.7,2.272125885509337,6.857259911780036,0.6999999999999993
2018,10.4,NY,960.0500000000001,7.25,10.4,2.341805806147327,6.866985366438926,0.7000000000000011
2019,11.1,NY,962.4583333333334,7.25,11.1,2.4069451083182885,6.8694907751816086,0.6999999999999993
2020,11.8,NY,635.4499999999999,7.25,11.8,2.468099531471619,6.454333409328079,0.7000000000000011
2021,12.5,NY,725.9666666666667,7.25,12.5,2.5257286443082556,6.587504100088453,0.6999999999999993
2022,13.2,NY,866.375,7.25,13.2,2.580216829592325,6.7643178402381485,0.6999999999999993
2023,14.2,NY,914.4666666666667,7.25,14.2,2.653241964607215,6.818341017376197,1.0
2000,4.25,OH,483.9916666666666,5.15,5.15,1.6389967146756448,6.182067688937552,
2001,4.25,OH,482.09999999999997,5.15,5.15,1.6389967146756448,6.1781515614115765,0.0
2002,4.25,OH,485.8333333333333,5.15,5.15,1.6389967146756448,6.185865629556537,0.0
2003,4.25,OH,488.35833333333335,5.15,5.15,1.6389967146756448,6.1910494260119115,0.0
2004,4.25,OH,496.14166666666665,5.15,5.15,1.6389967146756448,6.206861504223362,0.0
2005,4.25,OH,499.93333333333334,5.15,5.15,1.6389967146756448,6.214474756199179,0.0
2006,4.25,OH,501.0333333333333,5.15,5.15,1.6389967146756448,6.216672632471071,0.0
2007,6.85,OH,500.5333333333333,5.85,6.85,1.9242486522741338,6.21567419660419,1.6999999999999993
2008,7.0,OH,491.93333333333334,6.55,7.0,1.9459101490553132,6.1983432059561565,0.15000000000000036
2009,7.3,OH,476.69166666666666,7.25,7.3,1.9878743481543455,6.166869880762966,0.2999999999999998
2010,7.3,OH,475.31666666666666,7.25,7.3,1.9878743481543455,6.163981248577802,0.0
2011,7.4,OH,483.5083333333334,7.25,7.4,2.0014800002101243,6.1810685501808775,0.10000000000000053
2012,7.7,OH,500.7083333333333,7.25,7.7,2.0412203288596382,6.2160237625633545,0.2999999999999998
2013,7.85,OH,517.9833333333333,7.25,7.85,2.060513531794317,6.2499430667096805,0.14999999999999947
2014,7.95,OH,526.6750000000001,7.25,7.95,2.0731719286662407,6.266583660012534,0.10000000000000053
2015,8.1,OH,539.4416666666667,7.25,8.1,2.0918640616783932,6.290534654045361,0.14999999999999947
2016,8.1,OH,552.1583333333333,7.25,8.1,2.0918640616783932,6.313834840896379,0.0
2017,8.15,OH,560.9916666666667,7.25,8.15,2.0980179272527715,6.329706050985749,0.05000000000000071
2018,8.3,OH,566.9416666666667,7.25,8.3,2.1162555148025524,6.340256417776738,0.15000000000000036
2019,8.55,OH,570.6833333333333,7.25,8.55,2.145931282948669,6.346834473214579,0.25
2020,8.7,OH,466.27500000000003,7.25,8.7,2.163323025660538,6.144775588823511,0.14999999999999858
2021,8.8,OH,506.4166666666667,7.25,8.8,2.174751721484161,6.227359782347355,0.10000000000000142
2022,9.3,OH,541.9166666666666,7.25,9.3,2.2300144001592104,6.295112238081152,0.5
2023,10.1,OH,565.4333333333333,7.25,10.1,2.312535423847214,6.337592398833567,0.7999999999999989
2000,5.15,OK,125.80833333333334,5.15,5.15,1.6389967146756448,4.83475958478569,
2001,5.15,OK,127.26666666666667,5.15,5.15,1.6389967146756448,4.846284622623537,0.0
2002,5.15,OK,127.05833333333334,5.15,5.15,1.6389967146756448,4.844646298589861,0.0
2003,5.15,OK,126.65833333333335,5.15,5.15,1.6389967146756448,4.841493172414415,0.0
2004,5.15,OK,129.15833333333333,5.15,5.15,1.6389967146756448,4.861039041915005,0.0
2005,5.15,OK,132.45000000000002,5.15,5.15,1.6389967146756448,4.886205215718078,0.0
2006,5.15,OK,135.58333333333334,5.15,5.15,1.6389967146756448,4.909586457431038,0.0
2007,5.15,OK,137.75833333333333,5.85,5.85,1.766441661243765,4.925500942270966,0.6999999999999993
2008,5.85,OK,141.04999999999998,6.55,6.55,1.8794650496471605,4.949114437448006,0.7000000000000002
2009,6.55,OK,140.03333333333333,7.25,7.25,1.9810014688665833,4.941880489507227,0.7000000000000002
2010,7.25,OK,139.15833333333333,7.25,7.25,1.9810014688665833,4.935612373590386,0.0
2011,7.25,OK,143.15833333333333,7.25,7.25,1.9810014688665833,4.9639512438444,0.0
2012,7.25,OK,147.38333333333333,7.25,7.25,1.9810014688665833,4.9930369023536345,0.0
2013,7.25,OK,151.81666666666666,7.25,7.25,1.9810014688665833,5.022673652522709,0.0
2014,7.25,OK,156.175,7.25,7.25,1.9810014688665833,5.050977173379634,0.0
2015,7.25,OK,161.88333333333335,7.25,7.25,1.9810014688665833,5.08687591118023,0.0
2016,7.25,OK,165.19166666666666,7.25,7.25,1.9810014688665833,5.107106415908165,0.0
2017,7.25,OK,167.55833333333334,7.25,7.25,1.9810014688665833,5.121331549343601,0.0
2018,7.25,OK,171.83333333333334,7.25,7.25,1.9810014688665833,5.146525014788905,0.0
2019,7.25,OK,174.29166666666666,7.25,7.25,1.9810014688665833,5.160730141094253,0.0
2020,7.25,OK,156.475,7.25,7.25,1.9810014688665833,5.052896252810765,0.0
2021,7.25,OK,165.80833333333334,7.25,7.25,1.9810014688665833,5.110832502797202,0.0
2022,7.25,OK,173.45000000000002,7.25,7.25,1.9810014688665833,5.155889373415759,0.0
2023,7.25,OK,180.67499999999998,7.25,7.25,1.9810014688665833,5.196699837169045,0.0
2000,6.5,OR,148.14166666666668,5.15,6.5,1.8718021769015913,4.9981690231406395,
2001,6.5,OR,149.57500000000002,5.15,6.5,1.8718021769015913,5.007797939276095,0.0
2002,6.5,OR,149.65,5.15,6.5,1.8718021769015913,5.008299234298708,0.0
2003,6.9,OR,151.54999999999998,5.15,6.9,1.9315214116032138,5.020915603503812,0.40000000000000036
2004,7.05,OR,155.125,5.15,7.05,1.9530276168241774,5.044231243524771,0.14999999999999947
2005,7.25,OR,159.18333333333334,5.15,7.25,1.9810014688665833,5.070056577812637,0.20000000000000018
2006,7.5,OR,165.0,5.15,7.5,2.0149030205422647,5.10594547390058,0.25
2007,7.8,OR,171.85,5.85,7.8,2.0541237336955462,5.1466220032958425,0.2999999999999998
2008,7.95,OR,172.83333333333334,6.55,7.95,2.0731719286662407,5.152327739001472,0.15000000000000036
2009,8.4,OR,162.86666666666667,7.25,8.4,2.128231705849268,5.092931870155531,0.4500000000000002
2010,8.4,OR,162.375,7.25,8.4,2.128231705849268,5.0899084749907635,0.0
2011,8.5,OR,165.64166666666668,7.25,8.5,2.1400661634962708,5.1098268206085535,0.09999999999999964
2012,8.8,OR,170.1,7.25,8.8,2.174751721484161,5.136386499401816,0.3000000000000007
2013,8.95,OR,176.625,7.25,8.95,2.191653532286764,5.1740288410046915,0.14999999999999858
2014,9.1,OR,182.83333333333334,7.25,9.1,2.2082744135228043,5.2085749910471755,0.15000000000000036
2015,9.25,OR,191.525,7.25,9.25,2.224623551524334,5.255018348402885,0.15000000000000036
2016,9.75,OR,199.8083333333333,7.25,9.75,2.277267285009756,5.297358573719725,0.5
2017,10.25,OR,206.39166666666665,7.25,10.25,2.327277705584417,5.3297756581153255,0.5
2018,10.75,OR,211.36666666666667,7.25,10.75,2.3749057545736716,5.353594382037876,0.5
2019,11.25,OR,213.96666666666667,7.25,11.25,2.4203681286504293,5.365820239649623,0.5
2020,12.0,OR,162.04166666666666,7.25,12.0,2.4849066497880004,5.087853503807802,0.75
2021,12.75,OR,174.9333333333333,7.25,12.75,2.545531271604435,5.16440494896177,0.75
2022,13.5,OR,198.79166666666666,7.25,13.5,2.6026896854443837,5.292257375168162,0.75
2023,13.5,OR,207.03333333333333,7.25,13.5,2.6026896854443837,5.332879810897148,0.0
2000,5.15,PA,449.4583333333333,5.15,5.15,1.6389967146756448,6.1080431540274835,
2001,5.15,PA,455.52500000000003,5.15,5.15,1.6389967146756448,6.121450599935942,0.0
2002,5.15,PA,466.675,5.15,5.15,1.6389967146756448,6.145633083918661,0.0
2003,5.15,PA,470.8666666666666,5.15,5.15,1.6389967146756448,6.154574968306712,0.0
2004,5.15,PA,477.325,5.15,5.15,1.6389967146756448,6.1681976005995285,0.0
2005,5.15,PA,484.80833333333334,5.15,5.15,1.6389967146756448,6.183753623826294,0.0
2006,5.15,PA,491.7,5.15,5.15,1.6389967146756448,6.197868774417894,0.0
2007,6.25,PA,499.89166666666665,5.85,6.25,1.8325814637483102,6.214391408279912,1.0999999999999996
2008,7.15,PA,503.3,6.55,7.15,1.9671123567059163,6.2211864137823145,0.9000000000000004
2009,7.15,PA,494.35833333333335,7.25,7.25,1.9810014688665833,6.203260625353551,0.09999999999999964
2010,7.25,PA,500.7833333333333,7.25,7.25,1.9810014688665833,6.216173539146897,0.0
2011,7.25,PA,511.3,7.25,7.25,1.9810014688665833,6.236956502085953,0.0
2012,7.25,PA,524.2083333333334,7.25,7.25,1.9810014688665833,6.2618891880031855,0.0
2013,7.25,PA,532.3083333333333,7.25,7.25,1.9810014688665833,6.277222895388374,0.0
2014,7.25,PA,537.5833333333334,7.25,7.25,1.9810014688665833,6.287083786744241,0.0
2015,7.25,PA,545.475,7.25,7.25,1.9810014688665833,6.301656974708714,0.0
2016,7.25,PA,557.4250000000001,7.25,7.25,1.9810014688665833,6.323327965136435,0.0
2017,7.25,PA,566.7583333333333,7.25,7.25,1.9810014688665833,6.3399329929995805,0.0
2018,7.25,PA,571.9583333333334,7.25,7.25,1.9810014688665833,6.3490661449037145,0.0
2019,7.25,PA,578.0333333333333,7.25,7.25,1.9810014688665833,6.359631537136394,0.0
2020,7.25,PA,424.31666666666666,7.25,7.25,1.9810014688665833,6.050480031820202,0.0
2021,7.25,PA,478.3416666666667,7.25,7.25,1.9810014688665833,6.170325260976645,0.0
2022,7.25,PA,537.2583333333333,7.25,7.25,1.9810014688665833,6.286479046492754,0.0
2023,7.25,PA,561.2583333333333,7.25,7.25,1.9810014688665833,6.330181286756185,0.0
2000,5.65,RI,46.28333333333333,5.15,5.65,1.7316555451583497,3.8347819250846986,
2001,6.15,RI,46.833333333333336,5.15,6.15,1.8164520818184267,3.846595200105691,0.5
2002,6.15,RI,47.96666666666667,5.15,6.15,1.8164520818184267,3.8705063252252123,0.0
2003,6.15,RI,49.0,5.15,6.15,1.8164520818184267,3.8918202981106265,0.0
2004,6.75,RI,49.86666666666667,5.15,6.75,1.9095425048844386,3.909352776872267,0.5999999999999996
2005,6.75,RI,50.225,5.15,6.75,1.9095425048844386,3.916512910700998,0.0
2006,6.75,RI,50.166666666666664,5.15,6.75,1.9095425048844386,3.915350795520821,0.0
2007,7.4,RI,51.475,5.85,7.4,2.0014800002101243,3.9410962529138533,0.6500000000000004
2008,7.4,RI,51.0,6.55,7.4,2.0014800002101243,3.9318256327243257,0.0
2009,7.4,RI,48.958333333333336,7.25,7.4,2.0014800002101243,3.8909695962303137,0.0
2010,7.4,RI,49.5,7.25,7.4,2.0014800002101243,3.901972669574645,0.0
2011,7.4,RI,50.125,7.25,7.4,2.0014800002101243,3.914519885626733,0.0
2012,7.4,RI,51.800000000000004,7.25,7.4,2.0014800002101243,3.9473901492654373,0.0
2013,7.75,RI,53.541666666666664,7.25,7.75,2.0476928433652555,3.9804601669813744,0.34999999999999964
2014,8.0,RI,55.15,7.25,8.0,2.0794415416798357,4.0100567456995115,0.25
2015,9.0,RI,56.291666666666664,7.25,9.0,2.1972245773362196,4.030546507612253,1.0
2016,9.6,RI,57.63333333333333,7.25,9.6,2.2617630984737906,4.054101104021135,0.5999999999999996
2017,9.6,RI,58.26666666666667,7.25,9.6,2.2617630984737906,4.065030174553326,0.0
2018,10.1,RI,59.14166666666667,7.25,10.1,2.312535423847214,4.079935695742937,0.5
2019,10.5,RI,60.074999999999996,7.25,10.5,2.3513752571634776,4.095593781622533,0.40000000000000036
2020,10.5,RI,44.61666666666667,7.25,10.5,2.3513752571634776,3.798107481298252,0.0
2021,11.5,RI,51.4,7.25,11.5,2.4423470353692043,3.9396381724611196,1.0
2022,12.25,RI,57.35833333333333,7.25,12.25,2.505525936990736,4.049318139616318,0.75
2023,13.0,RI,59.30833333333334,7.25,13.0,2.5649493574615367,4.082749824517225,0.75
2000,5.15,SD,38.56666666666667,5.15,5.15,1.6389967146756448,3.6523883455315214,
2001,5.15,SD,38.55833333333333,5.15,5.15,1.6389967146756448,3.6521722461249535,0.0
2002,5.15,SD,39.34166666666667,5.15,5.15,1.6389967146756448,3.672284177764241,0.0
2003,5.15,SD,39.75,5.15,5.15,1.6389967146756448,3.6826098411003407,0.0
2004,5.15,SD,40.699999999999996,5.15,5.15,1.6389967146756448,3.706228092448549,0.0
2005,5.15,SD,41.61666666666667,5.15,5.15,1.6389967146756448,3.7285007280576727,0.0
2006,5.15,SD,42.525,5.15,5.15,1.6389967146756448,3.7500921382819254,0.0
2007,5.15,SD,43.11666666666667,5.85,5.85,1.766441661243765,3.7639096199639286,0.6999999999999993
2008,5.85,SD,43.24166666666667,6.55,6.55,1.8794650496471605,3.7668045365856937,0.7000000000000002
2009,6.55,SD,42.90833333333333,7.25,7.25,1.9810014688665833,3.7590660572640955,0.7000000000000002
2010,7.25,SD,42.96666666666667,7.25,7.25,1.9810014688665833,3.760424621277032,0.0
2011,7.25,SD,43.375,7.25,7.25,1.9810014688665833,3.769883238267023,0.0
2012,7.25,SD,44.375,7.25,7.25,1.9810014688665833,3.7926762477955798,0.0
2013,7.25,SD,44.675000000000004,7.25,7.25,1.9810014688665833,3.799414061045492,0.0
2014,7.25,SD,45.425000000000004,7.25,7.25,1.9810014688665833,3.816062614282235,0.0
2015,8.5,SD,46.11666666666667,7.25,8.5,2.1400661634962708,3.8311744175648252,1.25
2016,8.55,SD,46.725,7.25,8.55,2.145931282948669,3.8442793533416264,0.05000000000000071
2017,8.65,SD,47.00833333333333,7.25,8.65,2.157559320943788,3.85032489095793,0.09999999999999964
2018,8.85,SD,47.35,7.25,8.85,2.180417459019838,3.8575668196320874,0.1999999999999993
2019,9.1,SD,47.416666666666664,7.25,9.1,2.2082744135228043,3.8589737843383305,0.25
2020,9.3,SD,40.983333333333334,7.25,9.3,2.2300144001592104,3.713165479994092,0.20000000000000107
2021,9.45,SD,45.65833333333333,7.25,9.45,2.2460147415056513,3.8211861387563695,0.14999999999999858
2022,9.95,SD,48.275,7.25,9.95,2.2975725511705014,3.8769138283145783,0.5
2023,10.8,SD,49.36666666666667,7.25,10.8,2.379546134130174,3.8992754326056436,0.8500000000000014
2000,3.35,TX,819.0500000000001,5.15,5.15,1.6389967146756448,6.708145132050641,
2001,3.35,TX,835.7833333333333,5.15,5.15,1.6389967146756448,6.728369408840276,0.0
2002,5.15,TX,846.9583333333334,5.15,5.15,1.6389967146756448,6.741651500211017,0.0
2003,5.15,TX,858.8416666666667,5.15,5.15,1.6389967146756448,6.755584582138676,0.0
2004,5.15,TX,884.725,5.15,5.15,1.6389967146756448,6.785276862256696,0.0
2005,5.15,TX,906.85,5.15,5.15,1.6389967146756448,6.809977056063432,0.0
2006,5.15,TX,940.7583333333333,5.15,5.15,1.6389967146756448,6.846686287614843,0.0
2007,5.15,TX,980.5083333333333,5.85,5.85,1.766441661243765,6.888071144665387,0.6999999999999993
2008,5.85,TX,1006.3583333333332,6.55,6.55,1.8794650496471605,6.914093483393288,0.7000000000000002
2009,6.55,TX,1005.5,7.25,7.25,1.9810014688665833,6.913240209212707,0.7000000000000002
2010,7.25,TX,1007.9333333333334,7.25,7.25,1.9810014688665833,6.915657308877991,0.0
2011,7.25,TX,1041.7666666666667,7.25,7.25,1.9810014688665833,6.948673268894687,0.0
2012,7.25,TX,1086.875,7.25,7.25,1.9810014688665833,6.9910618851085475,0.0
2013,7.25,TX,1140.0249999999999,7.25,7.25,1.9810014688665833,7.0388054709726475,0.0
2014,7.25,TX,1188.325,7.25,7.25,1.9810014688665833,7.080300031532977,0.0
2015,7.25,TX,1241.9833333333333,7.25,7.25,1.9810014688665833,7.124464843187067,0.0
2016,7.25,TX,1289.8999999999999,7.25,7.25,1.9810014688665833,7.162319974971091,0.0
2017,7.25,TX,1319.95,7.25,7.25,1.9810014688665833,7.185349136075119,0.0
2018,7.25,TX,1356.9083333333333,7.25,7.25,1.9810014688665833,7.212964106582922,0.0
2019,7.25,TX,1396.8583333333333,7.25,7.25,1.9810014688665833,7.241980946336272,0.0
2020,7.25,TX,1178.5083333333334,7.25,7.25,1.9810014688665833,7.07200479348681,0.0
2021,7.25,TX,1296.9166666666667,7.25,7.25,1.9810014688665833,7.16774493141701,0.0
2022,7.25,TX,1410.6333333333332,7.25,7.25,1.9810014688665833,7.251794055101242,0.0
2023,7.25,TX,1484.625,7.25,7.25,1.9810014688665833,7.302917494094404,0.0
2000,5.15,UT,97.14999999999999,5.15,5.15,1.6389967146756448,4.576256175823449,
2001,5.15,UT,98.7,5.15,5.15,1.6389967146756448,4.592084946439436,0.0
2002,5.15,UT,100.90833333333335,5.15,5.15,1.6389967146756448,4.61421251397232,0.0
2003,5.15,UT,99.63333333333333,5.15,5.15,1.6389967146756448,4.601496780621782,0.0
2004,5.15,UT,102.0,5.15,5.15,1.6389967146756448,4.624972813284271,0.0
2005,5.15,UT,104.19166666666666,5.15,5.15,1.6389967146756448,4.646232151712954,0.0
2006,5.15,UT,108.50833333333333,5.15,5.15,1.6389967146756448,4.686826974946682,0.0
2007,5.15,UT,113.09166666666665,5.85,5.85,1.766441661243765,4.728198699299325,0.6999999999999993
2008,5.85,UT,114.875,6.55,6.55,1.8794650496471605,4.743844580675851,0.7000000000000002
2009,6.55,UT,110.90833333333335,7.25,7.25,1.9810014688665833,4.70870403430451,0.7000000000000002
2010,7.25,UT,110.73333333333333,7.25,7.25,1.9810014688665833,4.7071249085110844,0.0
2011,7.25,UT,113.48333333333333,7.25,7.25,1.9810014688665833,4.731655983260866,0.0
2012,7.25,UT,118.56666666666666,7.25,7.25,1.9810014688665833,4.775475390286299,0.0
2013,7.25,UT,123.64166666666667,7.25,7.25,1.9810014688665833,4.817387597168747,0.0
2014,7.25,UT,128.18333333333334,7.25,7.25,1.9810014688665833,4.853461530834953,0.0
2015,7.25,UT,133.42499999999998,7.25,7.25,1.9810014688665833,4.893539522220008,0.0
2016,7.25,UT,138.60833333333332,7.25,7.25,1.9810014688665833,4.9316522100084885,0.0
2017,7.25,UT,143.21666666666667,7.25,7.25,1.9810014688665833,4.964358635091123,0.0
2018,7.25,UT,148.64166666666668,7.25,7.25,1.9810014688665833,5.001538487776258,0.0
2019,7.25,UT,153.725,7.25,7.25,1.9810014688665833,5.035165291839533,0.0
2020,7.25,UT,133.30833333333334,7.25,7.25,1.9810014688665833,4.89266474085955,0.0
2021,7.25,UT,148.45000000000002,7.25,7.25,1.9810014688665833,5.000248201209769,0.0
2022,7.25,UT,162.82500000000002,7.25,7.25,1.9810014688665833,5.092676004432465,0.0
2023,7.25,UT,172.125,7.25,7.25,1.9810014688665833,5.148220957048819,0.0
2000,5.15,VA,297.175,5.15,5.15,1.6389967146756448,5.694321190866688,
2001,5.15,VA,301.15000000000003,5.15,5.15,1.6389967146756448,5.70760847948973,0.0
2002,5.15,VA,304.0083333333333,5.15,5.15,1.6389967146756448,5.717055113311214,0.0
2003,5.15,VA,309.9583333333333,5.15,5.15,1.6389967146756448,5.736437879843396,0.0
2004,5.15,VA,321.65833333333336,5.15,5.15,1.6389967146756448,5.77348990559954,0.0
2005,5.15,VA,331.21666666666664,5.15,5.15,1.6389967146756448,5.802772743306184,0.0
2006,5.15,VA,340.60833333333335,5.15,5.15,1.6389967146756448,5.830733234556805,0.0
2007,5.15,VA,347.125,5.85,5.85,1.766441661243765,5.849684945626963,0.6999999999999993
2008,5.85,VA,351.2083333333333,6.55,6.55,1.8794650496471605,5.861379589649537,0.7000000000000002
2009,6.55,VA,343.3833333333334,7.25,7.25,1.9810014688665833,5.838847413020359,0.7000000000000002
2010,7.25,VA,343.23333333333335,7.25,7.25,1.9810014688665833,5.8384104879945955,0.0
2011,7.25,VA,351.1666666666667,7.25,7.25,1.9810014688665833,5.861260944576134,0.0
2012,7.25,VA,360.8333333333333,7.25,7.25,1.9810014688665833,5.888416171208535,0.0
2013,7.25,VA,368.10833333333335,7.25,7.25,1.9810014688665833,5.9083772789044176,0.0
2014,7.25,VA,373.30833333333334,7.25,7.25,1.9810014688665833,5.922404709093108,0.0
2015,7.25,VA,388.0833333333333,7.25,7.25,1.9810014688665833,5.961220093194377,0.0
2016,7.25,VA,401.43333333333334,7.25,7.25,1.9810014688665833,5.995041475598325,0.0
2017,7.25,VA,406.51666666666665,7.25,7.25,1.9810014688665833,6.007624928557376,0.0
2018,7.25,VA,410.8666666666666,7.25,7.25,1.9810014688665833,6.018268749860033,0.0
2019,7.25,VA,414.76666666666665,7.25,7.25,1.9810014688665833,6.027716113113476,0.0
2020,7.25,VA,324.89166666666665,7.25,7.25,1.9810014688665833,5.7834917934284995,0.0
2021,9.5,VA,356.6583333333333,7.25,9.5,2.2512917986064953,5.876778274028907,2.25
2022,11.0,VA,390.56666666666666,7.25,11.0,2.3978952727983707,5.967598676006,1.5
2023,12.0,VA,411.68333333333334,7.25,12.0,2.4849066497880004,6.020254445404398,1.0
2000,5.75,VT,32.93333333333333,5.15,5.75,1.749199854809259,3.4944853160857123,
2001,6.25,VT,32.858333333333334,5.15,6.25,1.8325814637483102,3.492205391095581,0.5
2002,6.25,VT,33.03333333333333,5.15,6.25,1.8325814637483102,3.4975171526678324,0.0
2003,6.25,VT,32.8,5.15,6.25,1.8325814637483102,3.490428515390098,0.0
2004,6.75,VT,33.13333333333333,5.15,6.75,1.9095425048844386,3.500539824994419,0.5
2005,7.0,VT,33.15833333333333,5.15,7.0,1.9459101490553132,3.5012940676448827,0.25
2006,7.25,VT,33.266666666666666,5.15,7.25,1.9810014688665833,3.5045558946493087,0.25
2007,7.53,VT,32.84166666666667,5.85,7.53,2.018895041811802,3.491698034412958,0.28000000000000025
2008,7.68,VT,32.775,6.55,7.68,2.038619547159581,3.4896660296497637,0.14999999999999947
2009,8.06,VT,31.78333333333333,7.25,8.06,2.086913556518537,3.4589420433783182,0.3800000000000008
2010,8.06,VT,32.475,7.25,8.06,2.086913556518537,3.4804705625566634,0.0
2011,8.15,VT,32.699999999999996,7.25,8.15,2.0980179272527715,3.4873750779032076,0.08999999999999986
2012,8.46,VT,33.40833333333333,7.25,8.46,2.135349173618132,3.508805369860461,0.3100000000000005
2013,8.6,VT,34.225,7.25,8.6,2.151762203259462,3.5329563711745124,0.1399999999999988
2014,8.73,VT,35.175,7.25,8.73,2.166765369851511,3.5603356030004525,0.13000000000000078
2015,9.15,VT,36.141666666666666,7.25,9.15,2.21375387928743,3.5874464010533202,0.41999999999999993
2016,9.6,VT,36.28333333333333,7.25,9.6,2.2617630984737906,3.5913584990124465,0.4499999999999993
2017,10.0,VT,37.35,7.25,10.0,2.302585092994046,3.6203329115788265,0.40000000000000036
2018,10.5,VT,37.18333333333333,7.25,10.5,2.3513752571634776,3.6158606322104316,0.5
2019,10.78,VT,37.19166666666667,7.25,10.78,2.377692565480851,3.616084721847224,0.27999999999999936
2020,10.96,VT,25.96666666666667,7.25,10.96,2.3942522815198695,3.2568136642085928,0.1800000000000015
2021,11.75,VT,29.516666666666666,7.25,11.75,2.463853240590168,3.384955075560733,0.7899999999999991
2022,12.55,VT,33.175000000000004,7.25,12.55,2.529720665577793,3.5017965802182713,0.8000000000000007
2023,13.18,VT,34.71666666666667,7.25,13.18,2.578700529074361,3.547219879038871,0.629999999999999
2000,6.5,WA,251.89166666666665,5.15,6.5,1.8718021769015913,5.528999100900535,
2001,6.72,WA,247.14166666666665,5.15,6.72,1.9050881545350582,5.509961721469225,0.21999999999999975
2002,6.9,WA,245.58333333333334,5.15,6.9,1.9315214116032138,5.503636332949695,0.1800000000000006
2003,7.01,WA,249.01666666666665,5.15,7.01,1.9473377010464987,5.517519828628984,0.10999999999999943
2004,7.16,WA,255.66666666666666,5.15,7.16,1.9685099809725544,5.543874512699147,0.15000000000000036
2005,7.35,WA,263.53333333333336,5.15,7.35,1.9947003132247452,5.574179862194476,0.1899999999999995
2006,7.63,WA,271.775,5.15,7.63,2.0320878452963655,5.604974518090064,0.28000000000000025
2007,7.93,WA,280.65000000000003,5.85,7.93,2.0706530356467567,5.637108341388209,0.2999999999999998
2008,8.07,WA,283.78333333333336,6.55,8.07,2.0881534822818573,5.648211036198544,0.14000000000000057
2009,8.55,WA,269.7083333333333,7.25,8.55,2.145931282948669,5.597341128197565,0.4800000000000004
2010,8.55,WA,266.55,7.25,8.55,2.145931282948669,5.58556184326877,0.0
2011,8.67,WA,270.9916666666667,7.25,8.67,2.1598687907924505,5.602088070099398,0.11999999999999922
2012,9.04,WA,277.425,7.25,9.04,2.201659174404085,5.6255506263866275,0.3699999999999992
2013,9.19,WA,287.55833333333334,7.25,9.19,2.2181159363675955,5.661425738207003,0.15000000000000036
2014,9.32,WA,297.01666666666665,7.25,9.32,2.2321626286975,5.6937882539509985,0.13000000000000078
2015,9.47,WA,310.0083333333333,7.25,9.47,2.248128907197987,5.736599178838315,0.15000000000000036
2016,9.47,WA,323.19166666666666,7.25,9.47,2.248128907197987,5.7782455424861485,0.0
2017,11.0,WA,331.5,7.25,11.0,2.3978952727983707,5.803627809625917,1.5299999999999994
2018,11.5,WA,342.05833333333334,7.25,11.5,2.4423470353692043,5.834981287820142,0.5
2019,12.0,WA,347.5333333333333,7.25,12.0,2.4849066497880004,5.850860583665896,0.5
2020,13.5,WA,261.8,7.25,13.5,2.6026896854443837,5.5675808534758,1.5
2021,13.69,WA,283.3833333333333,7.25,13.69,2.6166656393003573,5.646800515835385,0.1899999999999995
2022,14.49,WA,326.7083333333333,7.25,14.49,2.673458756332591,5.789067825882976,0.8000000000000007
2023,15.74,WA,341.98333333333335,7.25,15.74,2.756205242989257,5.834762002931647,1.25
2000,5.15,WI,236.75833333333333,5.15,5.15,1.6389967146756448,5.467039930320357,
2001,5.15,WI,238.57500000000002,5.15,5.15,1.6389967146756448,5.474683726303318,0.0
2002,5.15,WI,240.3166666666667,5.15,5.15,1.6389967146756448,5.4819574980845465,0.0
2003,5.15,WI,245.34166666666667,5.15,5.15,1.6389967146756448,5.502651796875192,0.0
2004,5.15,WI,250.9,5.15,5.15,1.6389967146756448,5.525054453372377,0.0
2005,5.15,WI,255.14166666666665,5.15,5.15,1.6389967146756448,5.541818946450126,0.0
2006,5.7,WI,259.53333333333336,5.15,5.7,1.7404661748405046,5.558885146508246,0.5499999999999998
2007,6.5,WI,261.9916666666667,5.85,6.5,1.8718021769015913,5.56831269663948,0.7999999999999998
2008,6.5,WI,259.44166666666666,6.55,6.55,1.8794650496471605,5.558531886071346,0.04999999999999982
2009,6.5,WI,252.61666666666667,7.25,7.25,1.9810014688665833,5.531873188209556,0.7000000000000002
2010,7.25,WI,251.5,7.25,7.25,1.9810014688665833,5.527442989539794,0.0
2011,7.25,WI,252.475,7.25,7.25,1.9810014688665833,5.531312233912621,0.0
2012,7.25,WI,256.94166666666666,7.25,7.25,1.9810014688665833,5.548849081181113,0.0
2013,7.25,WI,261.1333333333333,7.25,7.25,1.9810014688665833,5.565031132563621,0.0
2014,7.25,WI,264.0416666666667,7.25,7.25,1.9810014688665833,5.576106918975571,0.0
2015,7.25,WI,270.8333333333333,7.25,7.25,1.9810014688665833,5.601503625535782,0.0
2016,7.25,WI,275.9166666666667,7.25,7.25,1.9810014688665833,5.620098887759246,0.0
2017,7.25,WI,280.35833333333335,7.25,7.25,1.9810014688665833,5.636068546876736,0.0
2018,7.25,WI,282.5083333333333,7.25,7.25,1.9810014688665833,5.643708048676497,0.0
2019,7.25,WI,285.65833333333336,7.25,7.25,1.9810014688665833,5.654796457975585,0.0
2020,7.25,WI,227.6833333333333,7.25,7.25,1.9810014688665833,5.427955774665386,0.0
2021,7.25,WI,250.20833333333334,7.25,7.25,1.9810014688665833,5.522293904166139,0.0
2022,7.25,WI,269.925,7.25,7.25,1.9810014688665833,5.598144142633204,0.0
2023,7.25,WI,284.0083333333333,7.25,7.25,1.9810014688665833,5.649003580453721,0.0
2000,5.15,WV,62.041666666666664,5.15,5.15,1.6389967146756448,4.127806202336063,
2001,5.15,WV,62.958333333333336,5.15,5.15,1.6389967146756448,4.142473131924794,0.0
2002,5.15,WV,64.375,5.15,5.15,1.6389967146756448,4.1647253589839,0.0
2003,5.15,WV,66.39166666666667,5.15,5.15,1.6389967146756448,4.19557154659832,0.0
2004,5.15,WV,68.19166666666666,5.15,5.15,1.6389967146756448,4.222322367745336,0.0
2005,5.15,WV,69.28333333333333,5.15,5.15,1.6389967146756448,4.238204377030537,0.0
2006,5.15,WV,70.96666666666667,5.15,5.15,1.6389967146756448,4.262210283231324,0.0
2007,5.85,WV,71.65833333333333,5.85,5.85,1.766441661243765,4.271909453628851,0.6999999999999993
2008,6.55,WV,72.875,6.55,6.55,1.8794650496471605,4.288745644670657,0.7000000000000002
2009,7.25,WV,71.88333333333334,7.25,7.25,1.9810014688665833,4.275044434425743,0.7000000000000002
2010,7.25,WV,72.13333333333334,7.25,7.25,1.9810014688665833,4.278516258304217,0.0
2011,7.25,WV,72.86666666666666,7.25,7.25,1.9810014688665833,4.288631287074328,0.0
2012,7.25,WV,74.30833333333334,7.25,7.25,1.9810014688665833,4.308223103352834,0.0
2013,7.25,WV,74.64166666666667,7.25,7.25,1.9810014688665833,4.312698885693149,0.0
2014,7.25,WV,74.325,7.25,7.25,1.9810014688665833,4.308447368884162,0.0
2015,8.0,WV,74.58333333333333,7.25,8.0,2.0794415416798357,4.311917068486855,0.75
2016,8.75,WV,74.36666666666666,7.25,8.75,2.169053700369523,4.3090078127703775,0.75
2017,8.75,WV,74.30833333333334,7.25,8.75,2.169053700369523,4.308223103352834,0.0
2018,8.75,WV,74.22500000000001,7.25,8.75,2.169053700369523,4.3071010206498235,0.0
2019,8.75,WV,75.10833333333333,7.25,8.75,2.169053700369523,4.318931515774364,0.0
2020,8.75,WV,61.46666666666667,7.25,8.75,2.169053700369523,4.1184950224543835,0.0
2021,8.75,WV,67.25833333333334,7.25,8.75,2.169053700369523,4.208540926542327,0.0
2022,8.75,WV,70.14166666666667,7.25,8.75,2.169053700369523,4.25051700642953,0.0
2023,8.75,WV,71.675,7.25,8.75,2.169053700369523,4.272142011769433,0.0
2000,1.6,WY,29.958333333333332,5.15,5.15,1.6389967146756448,3.399807527373101,
2001,1.6,WY,29.675,5.15,5.15,1.6389967146756448,3.390304940495732,0.0
2002,5.15,WY,30.258333333333336,5.15,5.15,1.6389967146756448,3.40977162863229,0.0
2003,5.15,WY,30.741666666666664,5.15,5.15,1.6389967146756448,3.4256189548146296,0.0
2004,5.15,WY,31.508333333333336,5.15,5.15,1.6389967146756448,3.450252061108887,0.0
2005,5.15,WY,32.05,5.15,5.15,1.6389967146756448,3.467297183366679,0.0
2006,5.15,WY,32.59166666666667,5.15,5.15,1.6389967146756448,3.484056631973468,0.0
2007,5.15,WY,33.46666666666667,5.85,5.85,1.766441661243765,3.5105499185895193,0.6999999999999993
2008,5.15,WY,34.475,6.55,6.55,1.8794650496471605,3.5402344236793657,0.7000000000000002
2009,5.15,WY,32.949999999999996,7.25,7.25,1.9810014688665833,3.4949912609485163,0.7000000000000002
2010,5.15,WY,32.61666666666667,7.25,7.25,1.9810014688665833,3.4848234051739757,0.0
2011,5.15,WY,33.050000000000004,7.25,7.25,1.9810014688665833,3.4980215662976955,0.0
2012,5.15,WY,33.9,7.25,7.25,1.9810014688665833,3.5234150143864045,0.0
2013,5.15,WY,34.61666666666667,7.25,7.25,1.9810014688665833,3.5443352616540116,0.0
2014,5.15,WY,35.391666666666666,7.25,7.25,1.9810014688665833,3.566476387531225,0.0
2015,5.15,WY,36.15,7.25,7.25,1.9810014688665833,3.5876769486047735,0.0
2016,5.15,WY,35.833333333333336,7.25,7.25,1.9810014688665833,3.578878558899608,0.0
2017,5.15,WY,36.333333333333336,7.25,7.25,1.9810014688665833,3.592735593561034,0.0
2018,5.15,WY,36.449999999999996,7.25,7.25,1.9810014688665833,3.595941458454667,0.0
2019,7.25,WY,37.15,7.25,7.25,1.9810014688665833,3.6149637711637683,0.0
2020,7.25,WY,32.324999999999996,7.25,7.25,1.9810014688665833,3.475840924657921,0.0
2021,7.25,WY,35.825,7.25,7.25,1.9810014688665833,3.5786459737142358,0.0
2022,7.25,WY,37.375,7.25,7.25,1.9810014688665833,3.6210020317108507,0.0
2023,7.25,WY,38.275,7.25,7.25,1.9810014688665833,3.6447969415437473,0.0
